Positive_tests,Excess_mortality,Tests_across_all_4_Pillars,Season,Leisure_activity,Work_and_school_activity,Deaths_with_COVID_on_certificate,Reinfections,Patients_in_MVBs,Majority_COVID_19_variant,Lockdown,Hospital_admissions,Face_masks,Second_dose_uptake,Transportation_activity,Patients_in_hospital,New_infections
35888.383,2.13758,769028.8265,Summer,2.688,4,122.4357653,2947.563532,499.8493988,Omicron BA.2,No_or_limited_measures,1031.51875,No,82.18455571,4,9783.27,39681.39675
35888.383,2.13758,769028.8265,Summer,2.688,4,122.4357653,2947.563532,499.8493988,Omicron BA.2,No_or_limited_measures,1031.51875,No,82.18455571,4,9783.27,39681.39675
35888.383,2.13758,769028.8265,Summer,2.688,4,122.4357653,2947.563532,499.8493988,Omicron BA.2,No_or_limited_measures,1031.51875,No,82.18455571,4,9783.27,39681.39675
35888.383,2.13758,769028.8265,Summer,2.688,4,122.4357653,2947.563532,499.8493988,Omicron BA.2,No_or_limited_measures,1031.51875,No,82.18455571,4,9783.27,39681.39675
35888.383,2.13758,769028.8265,Summer,2.688,4,122.4357653,2947.563532,499.8493988,Omicron BA.2,No_or_limited_measures,1031.51875,No,82.18455571,4,9783.27,39681.39675
35888.383,2.13758,769028.8265,Summer,2.688,4,122.4357653,2947.563532,499.8493988,Omicron BA.2,No_or_limited_measures,1031.51875,No,82.18455571,4,9783.27,39681.39675
35888.383,2.13758,769028.8265,Summer,2.688,4,122.4357653,2947.563532,499.8493988,Omicron BA.2,No_or_limited_measures,1031.51875,No,82.18455571,4,9783.27,39681.39675
33455.94658,-0.6765,733485.857,Summer,2.798,4,79.87451531,1917.433973,470.9469285,Omicron BA.2,No_or_limited_measures,861.5416667,No,81.70570095,4,5237,35789.06604
17636.14009,-17.4,482932.4643,Summer,2.965714286,4,16.926,1744.738729,310.5039863,Omicron BA.2,No_or_limited_measures,515.4893636,No,87,4,5050,16815.03893
18497.62377,-17.4,485049.3343,Summer,2.880714286,4,16.996,1742.560158,312.9839863,Omicron BA.2,No_or_limited_measures,530.9193636,No,87,4,4900,17083.59893
17909.44044,-17.4,483217.2543,Summer,3.115714286,4,7,1741.268729,310.8297005,Omicron BA.2,No_or_limited_measures,471,No,87,4,4946,17234.4156
18070.16044,-17.4,511786.5956,Summer,4,3.2,11,1904.264173,319.0700765,Omicron BA.2,No_or_limited_measures,502,No,87,3.5,4930,17993.79426
18227.83044,-17.4,475876.9322,Summer,3,3.6,13,1789.508729,317.0910233,Omicron BA.2,No_or_limited_measures,566,No,87,4,4904,17484.65226
15565.2661,-17.4,432850.3857,Spring,1,3.4,23,1925.303963,298.9424998,Omicron BA.2,No_or_limited_measures,580,No,87,4,5154,14950.74893
15564.46277,-17.4,430896.8726,Spring,2,3.2,36,1929.673963,296.9163331,Omicron BA.2,No_or_limited_measures,547,No,86.9,4,5192,14937.44893
11861.3021,7.93,401976.7108,Spring,3,3.8,11,1651.389963,231.6227418,Omicron BA.2,No_or_limited_measures,510,No,86.9,4,5113,9734.304484
12255.0921,7.93,388197.0183,Spring,2,3.8,28,1650.692963,231.1094918,Omicron BA.2,No_or_limited_measures,448,No,86.9,4,5164,10279.20591
11428.23877,7.93,392453.572,Spring,3,3.8,31,1646.371074,228.3640752,Omicron BA.2,No_or_limited_measures,518,No,86.9,4,5357,10033.60782
11863.5421,7.93,388345.012,Spring,3,4,35,1617.256629,227.2087418,Omicron BA.2,No_or_limited_measures,490,No,86.9,4,5610,9828.274484
11524.29877,7.93,371880.5141,Spring,2,4,30,1601.884074,229.6707418,Omicron BA.2,No_or_limited_measures,570,No,86.8,4,5741,9918.053373
11971.1621,7.93,320054.0242,Spring,2,3.6,45,1580.167629,226.0749697,Omicron BA.2,No_or_limited_measures,568,No,86.8,4,5888,9256.493373
10969.2921,7.93,319180.3528,Spring,3,3.6,54,1539.534352,217.0178268,Omicron BA.2,No_or_limited_measures,588,No,86.8,4,6260,8829.006706
9941.07877,11.93,317088.4376,Spring,4,3.8,54,1487.296935,175,Omicron BA.2,No_or_limited_measures,535,No,86.8,4,6275,8422.228373
9727.217342,11.93,315602.8132,Spring,3,4,45,1457.146935,184,Omicron BA.2,No_or_limited_measures,448,No,86.8,4,6323,7707.408389
10099.00877,11.93,326561.1685,Spring,1,3.4,66,1522.922352,194,Omicron BA.2,No_or_limited_measures,526,No,86.8,4,6545,7698.841706
6798,11.93,223448,Spring,3,4,43,1197,191,Omicron BA.2,No_or_limited_measures,647,No,86.8,4,6757,5601
7618,11.93,222723,Spring,3,4,44,1265,188,Omicron BA.2,No_or_limited_measures,708,No,86.8,4,6911,6353
8262,11.93,227805,Spring,4,4,70,1383,201,Omicron BA.2,No_or_limited_measures,666,No,86.8,4,7290,6879
9389,11.93,292259,Spring,3,3.8,62,1672,189,Omicron BA.2,No_or_limited_measures,687,No,86.7,4,7636,7717
7943,23.83,170690,Spring,1,3.6,66,1283,199,Omicron BA.2,No_or_limited_measures,631,No,86.7,4,7823,6660
6100,23.83,166005,Spring,3,4,62,959,197,Omicron BA.2,No_or_limited_measures,612,No,86.7,4,7838,5141
6888,23.83,249783,Spring,3,3.8,66,1041,189,Omicron BA.2,No_or_limited_measures,624,No,86.7,4,8179,5847
7614,23.83,250072,Spring,3,4,64,1203,191,Omicron BA.2,No_or_limited_measures,781,No,86.7,4,8485,6411
8695,23.83,241462,Spring,1,3.6,76,1417,202,Omicron BA.2,No_or_limited_measures,774,No,86.7,4,8946,7278
9711,23.83,251245,Spring,2,3.8,91,1605,203,Omicron BA.2,No_or_limited_measures,861,No,86.7,4,9343,8106
10678,23.83,311994,Spring,3,3.8,76,1793,213,Omicron BA.2,No_or_limited_measures,844,No,86.6,4,9664,8885
9044,-0.92,187982,Spring,4,3.8,80,1458,227,Omicron BA.2,No_or_limited_measures,755,No,86.6,4,9748,7586
7515,-0.92,188173,Spring,2,3.8,95,1079,226,Omicron BA.2,No_or_limited_measures,702,No,86.6,4,9804,6436
8920,-0.92,261960,Spring,3,3.8,90,1351,237,Omicron BA.2,No_or_limited_measures,819,No,86.6,4,10307,7569
10190,-0.92,282724,Spring,3,4,80,1612,253,Omicron BA.2,No_or_limited_measures,868,No,86.6,4,10827,8578
11657,-0.92,282173,Spring,2,3.6,87,1817,277,Omicron BA.2,No_or_limited_measures,1005,No,86.6,4,11324,9840
13284,-0.92,314178,Spring,2,3.6,100,2149,278,Omicron BA.2,No_or_limited_measures,1019,No,86.5,4,11666,11135
11887,-0.92,256771,Spring,4,2.6,105,1830,286,Omicron BA.2,No_or_limited_measures,940,No,86.5,3,11774,10057
9023,17.75,196515,Spring,2,3.8,107,1255,293,Omicron BA.2,No_or_limited_measures,906,No,86.5,4,11776,7768
8356,17.75,204510,Spring,2,4,103,1116,304,Omicron BA.2,No_or_limited_measures,826,No,86.5,4,11992,7240
9995,17.75,279737,Spring,1,3.6,103,1381,305,Omicron BA.2,No_or_limited_measures,1001,No,86.5,4,12529,8614
11587,17.75,315804,Spring,2,4,124,1695,302,Omicron BA.2,No_or_limited_measures,1074,No,86.5,4,13102,9892
13038,17.75,312751,Spring,1,3.4,128,1906,310,Omicron BA.2,No_or_limited_measures,1227,No,86.5,4,13735,11132
14555,17.75,331187,Spring,2,3.8,119,2096,326,Omicron BA.2,No_or_limited_measures,1248,No,86.4,4,14166,12459
17107,17.75,386115,Spring,2,3.6,126,2669,320,Omicron BA.2,No_or_limited_measures,1279,No,86.4,4,14984,14438
14714,1.99,245010,Spring,3,3.8,127,2014,324,Omicron BA.2,No_or_limited_measures,1189,No,86.4,4,15048,12700
13204,1.99,250549,Spring,1,3.6,140,1596,325,Omicron BA.2,No_or_limited_measures,1204,No,86.4,4,15157,11608
15689,1.99,329908,Spring,1,3.4,145,2104,325,Omicron BA.2,No_or_limited_measures,1366,No,86.4,4,15971,13585
18445,1.99,361689,Spring,3,3.6,157,2441,338,Omicron BA.2,No_or_limited_measures,1435,No,86.4,4,16505,16004
21429,1.99,361720,Spring,3,3.4,154,2779,349,Omicron BA.2,No_or_limited_measures,1509,No,86.3,4,17448,18650
25753,1.99,393357,Spring,2,3.2,154,3532,336,Omicron BA.2,No_or_limited_measures,1622,No,86.3,3.75,17991,22221
25178,1.99,335903,Spring,4,2.6,166,3251,326,Omicron BA.2,No_or_limited_measures,1666,No,86.3,2.5,17538,21927
20140,-6,260955,Spring,3,3,159,2299,328,Omicron BA.2,No_or_limited_measures,1489,No,86.3,4,17637,17841
19915,-6,258166,Spring,3,3.6,163,2127,332,Omicron BA.2,No_or_limited_measures,1449,No,86.3,4,17806,17788
21609,-6,301587,Spring,4,2.6,166,2394,320,Omicron BA.2,No_or_limited_measures,1644,No,86.3,3.25,17885,19215
26630,-6,393622,Spring,3,3.6,187,3035,349,Omicron BA.2,No_or_limited_measures,1898,No,86.3,3.75,18589,23595
31657,-6,417887,Spring,3,3.2,214,3558,355,Omicron BA.2,No_or_limited_measures,2112,No,86.2,3.75,19112,28099
33735,-6,416194,Spring,3,3.2,192,3948,385,Omicron BA.2,No_or_limited_measures,2243,No,86.2,3.75,19870,29787
37349,-6,473685,Spring,3,3.4,177,4498,379,Omicron BA.2,No_or_limited_measures,2112,No,86.2,3.75,20171,32851
30929,4.15,326339,Spring,3,3.8,191,3364,372,Omicron BA.2,No_or_limited_measures,1995,No,86.2,4,19737,27565
27870,4.15,346756,Spring,1,3.6,167,3043,367,Omicron BA.2,No_or_limited_measures,1906,No,86.2,4,19593,24827
32960,4.15,447329,Spring,1,3,228,3727,355,Omicron BA.2,No_or_limited_measures,2000,No,86.1,3.75,20165,29233
38666,4.15,485790,Spring,2,3.2,223,4543,357,Omicron BA.2,No_or_limited_measures,2266,No,86.1,3.5,20451,34123
44716,4.15,530032,Spring,1,3,191,5214,361,Omicron BA.2,No_or_limited_measures,2438,No,86.1,3.5,20544,39502
49066,4.15,540210,Spring,2,3,197,5621,364,Omicron BA.2,No_or_limited_measures,2589,No,86.1,3.5,20522,43445
53758,4.15,577242,Spring,1,3,172,6354,351,Omicron BA.2,No_or_limited_measures,2456,No,86.1,3.25,20540,47404
42183,-1.78,455688,Spring,2,3.6,179,4587,342,Omicron BA.2,No_or_limited_measures,2303,No,86,4,20085,37596
37592,-1.78,438301,Spring,1,3.6,183,3996,350,Omicron BA.2,No_or_limited_measures,2083,No,86,4,19729,33596
47482,-1.78,602173,Spring,1,3.2,202,5204,352,Omicron BA.2,No_or_limited_measures,2144,No,86,3.75,20070,42278
54794,-1.78,646488,Spring,1,3.2,182,6198,356,Omicron BA.2,No_or_limited_measures,2428,No,86,4,19735,48596
73667,-1.78,718329,Spring,1,3.2,178,8672,359,Omicron BA.2,No_or_limited_measures,2687,No,85.9,4,19687,64995
80139,-1.78,723268,Spring,1,3.2,187,9514,365,Omicron,No_or_limited_measures,2561,No,85.9,4,19548,70625
92902,-1.78,733949,Spring,3,3.2,174,11372,363,Omicron,No_or_limited_measures,2558,No,85.9,4,19299,81530
68326,2.02,596444,Spring,2,3.8,156,7735,344,Omicron,No_or_limited_measures,2246,No,85.9,4,18530,60591
61460,2.02,565023,Spring,3,4,160,6492,345,Omicron,No_or_limited_measures,2137,No,85.9,4,17805,54968
72443,2.02,711313,Spring,3,3.6,175,8010,333,Omicron,No_or_limited_measures,2245,No,85.8,4,17866,64433
82905,2.02,741482,Spring,3,3.6,158,9278,330,Omicron,No_or_limited_measures,2356,No,85.8,4,17614,73627
94180,2.02,818369,Spring,3,3.4,155,10737,302,Omicron,No_or_limited_measures,2500,No,85.8,4,17140,83443
99093,2.02,803232,Spring,3,3.2,161,11348,316,Omicron,No_or_limited_measures,2432,No,85.8,4,16903,87745
109322,2.02,808175,Spring,3,3.2,155,12893,299,Omicron,No_or_limited_measures,2279,No,85.8,3.75,16484,96429
81060,-2.34,609563,Spring,3,3.8,167,8867,280,Omicron,No_or_limited_measures,2036,No,85.7,4,15689,72193
67426,-2.34,601004,Spring,2,3.8,163,6818,277,Omicron,No_or_limited_measures,2061,No,85.7,4,15232,60608
75302,-2.34,737174,Spring,2,3.2,168,7891,287,Omicron,No_or_limited_measures,1963,No,85.7,4,15159,67411
82860,-2.34,765678,Spring,3,3.6,137,8929,292,Omicron,No_or_limited_measures,2085,No,85.7,4,14923,73931
91780,-2.34,838519,Spring,1,3,141,9885,281,Omicron,No_or_limited_measures,2132,No,85.6,4,14475,81895
93683,-2.34,787563,Spring,2,3.2,119,10020,281,Omicron,No_or_limited_measures,2146,No,85.6,4,14305,83663
99865,-2.34,783005,Spring,2,3.2,137,10886,280,Omicron,No_or_limited_measures,1991,No,85.6,4,13784,88979
75738,-2.93,600618,Spring,1,3.6,108,7907,257,Omicron,No_or_limited_measures,1827,No,85.6,4,13034,67831
62062,-2.93,570068,Spring,1,3.8,117,6156,252,Omicron,No_or_limited_measures,1628,No,85.6,4,12658,55906
67038,-2.93,696949,Spring,1,3.2,119,6661,254,Omicron,No_or_limited_measures,1736,No,85.5,4,12346,60377
70507,-2.93,730205,Spring,2,3.2,113,7241,253,Omicron,No_or_limited_measures,1719,No,85.5,4,12173,63266
73521,-2.93,745484,Spring,2,3.2,104,7495,266,Omicron,No_or_limited_measures,1832,No,85.5,4,11975,66026
70123,-2.93,714301,Spring,2,3.2,117,7155,275,Omicron,No_or_limited_measures,1699,No,85.4,4,11856,62968
68541,-2.93,728433,Spring,2,3.4,123,7391,269,Omicron,No_or_limited_measures,1531,No,85.4,3.75,11533,61150
49021,-0.25,529677,Spring,2,3.8,91,4829,263,Omicron,No_or_limited_measures,1455,No,85.4,4,11057,44192
38752,-0.25,505253,Spring,1,3.8,101,3559,256,Omicron,No_or_limited_measures,1246,No,85.4,4,10911,35193
41396,-0.25,630426,Spring,1,3.2,109,3987,257,Omicron,No_or_limited_measures,1370,No,85.3,3.75,10913,37409
43750,-0.25,667217,Spring,2,3.4,100,4229,264,Omicron,No_or_limited_measures,1476,No,85.3,3,10715,39521
46162,-0.25,703159,Spring,1,3.2,145,4558,279,Omicron,No_or_limited_measures,1457,No,85.3,3.5,10857,41604
44780,-0.25,653860,Spring,1,3.2,104,4247,278,Omicron,No_or_limited_measures,1363,No,85.3,2.75,10929,40533
44633,-0.25,709674,Winter,3,3.6,105,4313,290,Omicron,No_or_limited_measures,1401,No,85.2,3.75,10968,40320
31360,-4.46,535313,Winter,4,3.8,117,2827,271,Omicron,No_or_limited_measures,1100,No,85.2,3.75,10740,28533
25088,-4.46,492118,Winter,2,3.8,99,2136,255,Omicron,No_or_limited_measures,1084,No,85.2,3.75,10585,22952
27838,-4.46,615874,Winter,2,3.6,119,2548,271,Omicron,No_or_limited_measures,1106,No,85.2,3.75,10863,25290
30617,-4.46,690010,Winter,1,3.4,123,2889,289,Omicron,No_or_limited_measures,1223,No,85.1,3.75,10997,27728
36462,-4.46,760441,Winter,2,3.4,116,3439,304,Omicron,No_or_limited_measures,1244,No,85.1,3.75,11288,33023
39144,-4.46,739443,Winter,2,3.4,116,3761,312,Omicron,No_or_limited_measures,1179,No,85.1,3.75,11330,35383
45116,-4.46,834143,Winter,2,3.4,105,4290,324,Omicron,No_or_limited_measures,1239,No,85,3.25,11617,40826
37681,-4.23,708132,Winter,1,3.4,123,3370,334,Omicron,No_or_limited_measures,1137,No,85,3.75,11424,34311
34644,-4.23,577649,Winter,2.5,3.4,121,3036,328,Omicron,No_or_limited_measures,1013,No,85,3.75,11498,31608
33236,-4.23,707876,Winter,2,2,126,3015,335,Omicron,No_or_limited_measures,1100,No,85,2.5,11479,30221
44691,-4.23,906915,Winter,3.5,3.4,124,4272,330,Omicron,No_or_limited_measures,1186,No,84.9,3.5,11852,40419
51546,-4.23,977558,Winter,3,3.2,126,4843,359,Omicron,No_or_limited_measures,1373,No,84.9,3.25,12003,46703
52492,-4.23,891198,Winter,2.5,2.6,131,4970,354,Omicron,No_or_limited_measures,1372,No,84.9,3,12341,47522
54686,-4.23,903293,Winter,3.5,3.4,151,5198,393,Omicron,No_or_limited_measures,1352,No,84.8,3,12544,49488
41737,-3.26,784949,Winter,2.5,3.6,126,3793,384,Omicron,No_or_limited_measures,1187,No,84.8,3.75,12310,37944
37430,-3.26,723602,Winter,3,3.8,143,3264,400,Omicron,No_or_limited_measures,1148,No,84.8,3.75,12258,34166
44557,-3.26,924488,Winter,3,3.6,140,4059,416,Omicron,No_or_limited_measures,1188,No,84.7,3.5,12597,40498
52279,-3.26,1045891,Winter,2.5,3.4,121,5140,430,Omicron,No_or_limited_measures,1346,No,84.7,3.75,13015,47139
64303,-3.26,1176413,Winter,3,3.4,142,6353,432,Omicron,No_or_limited_measures,1426,No,84.6,3.75,13408,57950
69624,-3.26,1078195,Winter,3,3.2,157,6860,430,Omicron,No_or_limited_measures,1477,No,84.6,3.5,13845,62764
76461,-3.26,1141695,Winter,3,3.4,136,7800,443,Omicron,No_or_limited_measures,1431,No,84.5,3.25,14094,68661
60535,-3.3,1007469,Winter,2.5,3.6,155,5914,441,Omicron,No_or_limited_measures,1350,No,84.5,3.75,13901,54621
52301,-3.3,845042,Winter,2.5,3.8,166,4764,458,Omicron,No_or_limited_measures,1245,No,84.5,3.75,13999,47537
63188,-3.3,1064207,Winter,2.5,3.2,157,5876,474,Omicron,No_or_limited_measures,1420,No,84.4,3.25,14481,57312
76618,-3.3,1222608,Winter,3,3.2,189,7534,478,Omicron,No_or_limited_measures,1491,No,84.4,3.25,14913,69084
88400,-3.3,1337656,Winter,2.5,3.2,181,8676,483,Omicron,No_or_limited_measures,1662,No,84.3,3.25,15101,79724
93763,-3.3,1187284,Winter,3,3.2,200,9556,502,Omicron,No_or_limited_measures,1771,No,84.3,3.25,15490,84207
104922,-3.3,1236640,Winter,2.5,3.2,201,10734,511,Omicron,No_or_limited_measures,1662,No,84.2,3,15938,94188
87555,-3.89,1128984,Winter,3.5,3.6,188,8564,520,Omicron,No_or_limited_measures,1426,No,84.2,3.5,15583,78991
73502,-3.89,923854,Winter,3,3.8,178,6650,527,Omicron,No_or_limited_measures,1451,No,84.1,3.5,15297,66852
84018,-3.89,1160207,Winter,3,3.2,199,7909,535,Omicron,No_or_limited_measures,1529,No,84.1,3,16170,76109
96183,-3.89,1286463,Winter,2.5,3,211,9367,549,Omicron,No_or_limited_measures,1685,No,84,2.75,16396,86816
108652,-3.89,1442328,Winter,2.5,3,195,10724,561,Omicron,Social_distancing,1881,Yes,84,2.75,16736,97928
113162,-3.89,1275404,Winter,2,3,194,11222,575,Omicron,Social_distancing,1899,Yes,83.9,2.75,16813,101940
127331,-3.89,1355027,Winter,2.5,3,221,12644,598,Omicron,Social_distancing,1785,Yes,83.9,2.75,17396,114687
102327,-4.32,1228669,Winter,3,3.6,217,9743,603,Omicron,Social_distancing,1691,Yes,83.8,3.5,17114,92584
81715,-4.32,1038336,Winter,2.5,3.6,218,7180,625,Omicron,Social_distancing,1439,Yes,83.8,3.5,17147,74535
91562,-4.32,1220379,Winter,2,3,246,8406,640,Omicron,Social_distancing,1676,Yes,83.7,2.75,17780,83156
100314,-4.32,1371887,Winter,2.5,3,198,9280,664,Omicron,Social_distancing,1912,Yes,83.6,2.75,18219,91034
111749,-4.32,1535657,Winter,2.5,3,216,10508,675,Omicron,Social_distancing,1991,Yes,83.6,2.75,18730,101241
118736,-4.32,1313770,Winter,2.5,3,226,11242,703,Omicron,Social_distancing,2013,Yes,83.5,2.75,19227,107494
131503,-4.32,1382747,Winter,3,3,228,12533,713,Omicron,Social_distancing,2028,Yes,83.4,2.75,19664,118970
98075,-3.89,1275520,Winter,3,3.4,250,8949,715,Omicron,Social_distancing,1942,Yes,83.4,3.5,19429,89126
77926,-3.89,1071093,Winter,2.5,3.4,256,6637,712,Omicron,Social_distancing,1788,Yes,83.3,3.25,19305,71289
86312,-3.89,1257257,Winter,2,3,231,7675,746,Omicron,Social_distancing,1941,Yes,83.2,2.75,19551,78637
96397,-3.89,1409318,Winter,2.5,3,236,8860,777,Omicron,Social_distancing,2167,Yes,83.2,3,19766,87537
103207,-3.89,1572177,Winter,2.5,3,236,9733,785,Omicron,Social_distancing,2204,Yes,83.1,3,19931,93474
115222,-3.89,1407849,Winter,1.5,2.4,232,10794,793,Omicron,Social_distancing,2419,Yes,83.1,2.75,19958,104428
132814,-3.89,1620875,Winter,2,2.8,238,12524,821,Omicron,Social_distancing,2459,Yes,83,3,20057,120290
95759,1.24,1634426,Winter,3,3.4,238,8801,816,Omicron,Social_distancing,2216,Yes,83,3.5,19250,86958
93601,1.24,1314078,Winter,2,2.8,212,8623,820,Omicron,Social_distancing,2099,Yes,82.9,3,18808,84978
120276,1.24,1588137,Winter,2,2.8,222,11708,840,Omicron,Social_distancing,2047,Yes,82.8,2.75,18872,108568
172959,1.24,1799011,Winter,1.5,2.2,215,17978,868,Omicron,Social_distancing,2343,Yes,82.8,2.75,18690,154981
222133,1.24,2058093,Winter,1.5,2.6,176,22797,875,Omicron,Social_distancing,2407,Yes,82.7,2.75,18213,199336
275618,1.24,2061041,Winter,1.5,2.2,197,28341,900,Omicron,Social_distancing,2400,Yes,82.6,2.25,17491,247277
229869,1.24,1721767,Winter,3.5,2.2,174,23543,878,Omicron,Social_distancing,2479,Yes,82.6,1.75,16498,206326
181063,5.23,1359060,Winter,2.5,3.2,168,17728,864,Omicron,Social_distancing,2118,Yes,82.5,3,15306,163335
118206,5.23,1054753,Winter,1.5,2.4,172,10600,857,Omicron,Social_distancing,2076,Yes,82.5,2,14671,107606
188555,5.23,1731869,Winter,2,2.4,154,17238,883,Omicron,Social_distancing,2108,Yes,82.5,2.25,14341,171317
236565,5.23,1530435,Winter,2,2.4,175,21919,875,Omicron,Social_distancing,2405,Yes,82.4,2.25,13308,214646
272761,5.23,1515737,Winter,2.5,2.2,127,23926,868,Omicron,Social_distancing,2635,Yes,82.4,2.25,12116,248835
212448,5.23,1491353,Winter,1.5,2,158,18373,851,Omicron,Social_distancing,2315,Yes,82.3,1.75,11069,194075
194983,5.23,1317586,Winter,1.5,2,131,16048,870,Omicron,Social_distancing,1973,Yes,82.2,1.75,9907,178935
116262,10.98,1270902,Winter,1.5,2.8,114,8976,851,Omicron,Social_distancing,1547,Yes,82.2,2.25,8886,107286
70357,10.98,1158898,Winter,1.5,1.8,113,5093,838,Omicron,Social_distancing,1420,Yes,82.2,2,8468,65264
137262,10.98,1604482,Winter,2,2.4,115,11073,835,Omicron,Social_distancing,1204,Yes,82.2,2.25,8658,126189
160620,10.98,1630536,Winter,2.5,3,135,13565,840,Omicron,Social_distancing,1406,Yes,82.2,2.25,8431,147055
161536,10.98,1663545,Winter,2.5,3,133,13574,842,Omicron,Social_distancing,1416,Yes,82.1,2.5,8395,147962
150274,10.98,1510031,Winter,3,3,110,12116,849,Omicron,Social_distancing,1264,Yes,82,2.75,8174,138158
133943,10.98,1522487,Winter,2.5,3.2,133,10228,859,Omicron,Social_distancing,1223,Yes,81.9,3.25,7958,123715
89125,13.78,1457324,Winter,2,3.6,116,6399,858,Omicron,Social_distancing,1019,Yes,81.8,4,7714,82726
88877,13.78,1396458,Winter,2,3.6,106,6222,855,Omicron,Social_distancing,840,Yes,81.7,3.75,7557,82655
95870,13.78,1575050,Winter,2,3,128,6860,879,Omicron,Social_distancing,880,Yes,81.7,3.25,7621,89010
106040,13.78,1609826,Winter,2,3.2,116,7536,875,Omicron,Social_distancing,924,Yes,81.6,3.25,7743,98504
112684,13.78,1640506,Winter,2.5,3.4,118,7662,888,Omicron,Social_distancing,954,Yes,81.5,3.25,7723,105022
102757,13.78,1326539,Winter,2.5,3.4,152,6452,896,Delta,Social_distancing,956,Yes,81.5,3.25,7798,96305
87163,13.78,1349348,Winter,3,3.4,110,4344,900,Delta,Social_distancing,929,Yes,81.4,3,7798,82819
53151,11.28,1256352,Winter,3,3.8,134,2035,893,Delta,Social_distancing,868,Yes,81.3,3.75,7578,51116
48592,11.28,1000539,Winter,2.5,3.8,107,1583,883,Delta,Social_distancing,793,Yes,81.3,3.75,7455,47009
52479,11.28,1198855,Winter,2.5,3.6,121,1643,901,Delta,Social_distancing,831,Yes,81.2,3.75,7489,50836
56983,11.28,1317690,Winter,3,3.6,132,1752,900,Delta,No_or_limited_measures,953,Yes,81.2,3.75,7535,55231
58805,11.28,1286150,Winter,2.5,3.6,130,1637,890,Delta,No_or_limited_measures,888,Yes,81.1,3.75,7466,57168
56234,11.28,1063146,Winter,2,3.4,129,1426,880,Delta,No_or_limited_measures,945,Yes,81.1,3.75,7447,54808
59665,11.28,1137478,Winter,2.5,3.6,143,1271,901,Delta,No_or_limited_measures,870,Yes,81,3.5,7462,58394
41018,12.48,1132009,Winter,2.5,3.8,115,678,882,Delta,No_or_limited_measures,845,Yes,81,3.75,7353,40340
38781,12.48,866910,Winter,3,4,161,643,895,Delta,No_or_limited_measures,750,Yes,80.9,3.75,7250,38138
45663,12.48,1066986,Winter,2.5,3.6,147,682,900,Delta,No_or_limited_measures,736,Yes,80.8,3.75,7396,44981
50319,12.48,1135522,Winter,2.5,3.6,123,754,895,Delta,No_or_limited_measures,840,Yes,80.8,3.75,7487,49565
54815,12.48,1185982,Winter,2.5,3.6,137,805,895,Delta,No_or_limited_measures,828,Yes,80.7,3.75,7416,54010
55688,12.48,1010590,Autumn,2.5,3.6,121,798,931,Delta,No_or_limited_measures,841,Yes,80.7,3.75,7744,54890
56289,12.48,1040782,Autumn,2.5,3.6,144,857,916,Delta,No_or_limited_measures,808,Optional,80.6,3.75,7733,55432
39692,10.59,1017750,Autumn,3,3.8,142,512,919,Delta,No_or_limited_measures,715,Optional,80.6,3.75,7502,39180
33293,10.59,720113,Autumn,2.5,3.8,124,422,911,Delta,No_or_limited_measures,717,Optional,80.5,3.75,7471,32871
39327,10.59,886114,Autumn,3,3.6,132,527,925,Delta,No_or_limited_measures,734,Optional,80.5,3.5,7626,38800
43415,10.59,1050515,Autumn,3.5,3.6,141,621,925,Delta,No_or_limited_measures,776,Optional,80.4,3.75,7725,42794
46763,10.59,1077904,Autumn,3,3.6,123,670,928,Delta,No_or_limited_measures,909,Optional,80.4,3.75,7734,46093
48190,10.59,913448,Autumn,3,3.6,149,643,919,Delta,No_or_limited_measures,786,Optional,80.4,3.75,7981,47547
50725,10.59,1001502,Autumn,3,3.6,129,667,928,Delta,No_or_limited_measures,743,Optional,80.3,3.75,8195,50058
37245,15.7,1010643,Autumn,3,3.8,120,458,913,Delta,No_or_limited_measures,757,Optional,80.3,3.75,8099,36787
35331,15.7,712358,Autumn,3,3.8,143,444,908,Delta,No_or_limited_measures,735,Optional,80.3,3.75,8004,34887
39596,15.7,867675,Autumn,3,3.6,139,473,911,Delta,No_or_limited_measures,775,Optional,80.2,3.75,8124,39123
44056,15.7,995676,Autumn,3.5,3.6,129,598,923,Delta,No_or_limited_measures,842,Optional,80.2,3.75,8176,43458
45889,15.7,1038145,Autumn,3.5,3.6,126,594,935,Delta,No_or_limited_measures,867,Optional,80.1,3.75,8275,45295
46424,15.7,814260,Autumn,3,3.6,164,659,938,Delta,No_or_limited_measures,905,Optional,80.1,3.75,8524,45765
50946,15.7,940879,Autumn,3,3.6,169,713,968,Delta,No_or_limited_measures,839,Optional,80.1,3.75,8801,50233
35513,16.74,920463,Autumn,3,3.8,131,412,979,Delta,No_or_limited_measures,807,Optional,80,3.75,8643,35101
32883,16.74,657543,Autumn,3,4,151,371,974,Delta,No_or_limited_measures,778,Optional,80,3.75,8556,32512
37753,16.74,834464,Autumn,2.5,3.6,141,489,989,Delta,No_or_limited_measures,892,Optional,80,3.5,8693,37264
40989,16.74,985309,Autumn,3.5,3.6,155,574,999,Delta,No_or_limited_measures,965,Optional,79.9,3.75,8785,40415
42938,16.74,1022224,Autumn,3,3.6,168,559,1008,Delta,No_or_limited_measures,988,Optional,79.9,3.75,8937,42379
42243,16.74,854921,Autumn,3,3.6,156,571,1023,Delta,No_or_limited_measures,996,Optional,79.8,3.8,9008,41672
44125,16.74,949400,Autumn,3,3.6,159,622,1026,Delta,No_or_limited_measures,1015,Optional,79.8,3.6,9056,43503
30585,16.59,884418,Autumn,3.5,3.8,160,390,1012,Delta,No_or_limited_measures,888,Optional,79.7,3.8,8907,30195
27435,16.59,643592,Autumn,3,3.8,169,347,1018,Delta,No_or_limited_measures,831,Optional,79.7,3.8,8887,27088
30314,16.59,827472,Autumn,3.5,3.6,166,429,1026,Delta,No_or_limited_measures,861,Optional,79.7,3.6,9131,29885
33656,16.59,937020,Autumn,3,3.6,168,422,1034,Delta,No_or_limited_measures,888,Optional,79.6,3.6,9332,33234
35982,16.59,1018582,Autumn,3,3.6,182,459,1019,Delta,No_or_limited_measures,985,Optional,79.6,3.6,9474,35523
38014,16.59,868460,Autumn,3.5,3.6,164,490,1024,Delta,No_or_limited_measures,1084,Optional,79.6,3.8,9690,37524
45103,16.59,940568,Autumn,3,3.6,190,624,1030,Delta,No_or_limited_measures,1099,Optional,79.5,3.6,9708,44479
34806,13.14,954589,Autumn,2.5,3.8,195,448,980,Delta,No_or_limited_measures,1009,Optional,79.5,4,9462,34358
33560,13.14,673065,Autumn,2.5,4,164,348,968,Delta,No_or_limited_measures,904,Optional,79.5,4,9310,33212
40249,13.14,838082,Autumn,3,3.4,184,501,962,Delta,No_or_limited_measures,1032,Optional,79.4,3.8,9257,39748
41379,13.14,874906,Autumn,3.5,3.4,198,516,944,Delta,No_or_limited_measures,1087,Optional,79.4,3.8,9159,40863
43040,13.14,918605,Autumn,3.5,3.4,177,506,945,Delta,No_or_limited_measures,1165,Optional,79.3,3.8,9080,42534
42122,13.14,820610,Autumn,3.5,3.4,174,494,952,Delta,No_or_limited_measures,1124,Optional,79.3,3.8,8973,41628
47455,13.14,850618,Autumn,4,3.4,149,582,913,Delta,No_or_limited_measures,1068,Optional,79.3,3.4,8854,46873
35760,14.45,789098,Autumn,3.5,3.8,166,398,885,Delta,No_or_limited_measures,972,Optional,79.2,4,8530,35362
35098,14.45,702453,Autumn,3,3.8,171,383,869,Delta,No_or_limited_measures,916,Optional,79.2,4,8361,34715
40660,14.45,918293,Autumn,3,3.6,150,482,889,Delta,No_or_limited_measures,949,Optional,79.1,3.8,8366,40178
45193,14.45,1014189,Autumn,3.5,3.6,164,541,892,Delta,No_or_limited_measures,988,Optional,79.1,4,8381,44652
51657,14.45,1110011,Autumn,3.5,3.6,154,559,872,Delta,No_or_limited_measures,1113,Optional,79,4,8286,51098
52514,14.45,879720,Autumn,3.5,3.6,142,620,851,Delta,No_or_limited_measures,1114,Optional,79,4,8031,51894
57736,14.45,935071,Autumn,3,3.6,139,704,826,Delta,No_or_limited_measures,1090,Optional,78.9,3.4,7881,57032
43747,14.08,982805,Autumn,3.5,3.8,139,445,819,Delta,No_or_limited_measures,974,Optional,78.9,4,7512,43302
37876,14.08,720933,Autumn,3,3.8,151,395,805,Delta,No_or_limited_measures,886,Optional,78.9,4,7240,37481
43552,14.08,910941,Autumn,3.5,3.6,139,464,791,Delta,No_or_limited_measures,958,Optional,78.8,4,7214,43088
46416,14.08,979550,Autumn,3.5,3.6,160,546,783,Delta,No_or_limited_measures,914,Optional,78.8,4,7200,45870
47771,14.08,1040268,Autumn,3.5,3.6,136,535,781,Delta,No_or_limited_measures,930,Optional,78.7,4,7143,47236
48305,14.08,878089,Autumn,3.5,3.6,136,593,780,Delta,No_or_limited_measures,946,Optional,78.7,4,7128,47712
50288,14.08,958592,Autumn,3.5,3.6,137,542,747,Delta,No_or_limited_measures,850,Optional,78.6,3.6,7098,49746
36409,13.94,967595,Autumn,3.5,3.8,115,391,744,Delta,No_or_limited_measures,735,Optional,78.6,3.8,6943,36018
32297,13.94,699340,Autumn,3.5,4,119,361,768,Delta,No_or_limited_measures,769,Optional,78.5,3.8,6772,31936
35599,13.94,917700,Autumn,3.5,3.6,122,419,780,Delta,No_or_limited_measures,791,Optional,78.5,3.8,6828,35180
38463,13.94,964013,Autumn,3.5,3.6,133,442,808,Delta,No_or_limited_measures,828,Optional,78.4,3.8,6849,38021
39256,13.94,1069330,Autumn,3.5,3.6,112,437,807,Delta,No_or_limited_measures,783,Optional,78.4,4,6899,38819
39264,13.94,853674,Autumn,2.5,3.6,134,468,800,Delta,No_or_limited_measures,840,Optional,78.3,4,6914,38796
43727,13.94,967911,Autumn,3,3.6,112,469,769,Delta,No_or_limited_measures,814,Optional,78.3,3.4,6838,43258
32051,12.52,1024891,Autumn,4,4,107,338,778,Delta,No_or_limited_measures,722,Optional,78.2,3.8,6647,31713
26309,12.52,727074,Autumn,2.5,3.4,118,265,764,Delta,No_or_limited_measures,698,Optional,78.2,3.8,6490,26044
29051,12.52,873670,Autumn,3,3.6,139,309,805,Delta,No_or_limited_measures,698,Optional,78.1,3.8,6639,28742
32588,12.52,1039273,Autumn,3,3.6,127,375,815,Delta,No_or_limited_measures,705,Optional,78.1,3.8,6807,32213
34819,12.52,1109689,Autumn,3.5,3.6,142,395,813,Delta,No_or_limited_measures,810,Optional,78,3.8,6951,34424
36540,12.52,866882,Autumn,2.5,3.4,120,441,826,Delta,No_or_limited_measures,783,Optional,78,3.8,7065,36099
41579,12.52,1031869,Autumn,3,3.6,125,498,831,Delta,No_or_limited_measures,782,Optional,77.9,3.6,7083,41081
32064,15.33,1126572,Autumn,4,3.8,111,394,839,Delta,No_or_limited_measures,672,Optional,77.8,4,6852,31670
28560,15.33,777767,Autumn,3.5,4,128,325,874,Delta,No_or_limited_measures,678,Optional,77.8,4,6989,28235
32096,15.33,899443,Autumn,4,3.6,140,391,878,Delta,No_or_limited_measures,731,Optional,77.7,4,6943,31705
35838,15.33,1060622,Autumn,4,3.6,148,496,916,Delta,No_or_limited_measures,783,Optional,77.6,4,7195,35342
36749,15.33,961488,Autumn,4,3.6,159,450,939,Delta,No_or_limited_measures,755,Optional,77.6,3.8,7441,36299
38836,15.33,899746,Autumn,4,3.6,137,454,943,Delta,No_or_limited_measures,808,Optional,77.5,3.6,7648,38382
40756,15.33,1011761,Autumn,3.5,3.4,159,504,982,Delta,No_or_limited_measures,813,Optional,77.4,3.4,7821,40252
31084,18.19,1122529,Autumn,3.5,3.8,135,373,1006,Delta,No_or_limited_measures,731,Optional,77.3,4,7770,30711
26639,18.19,693884,Autumn,3.5,4,137,295,1004,Delta,No_or_limited_measures,759,Optional,77.3,4,7719,26344
29464,18.19,892753,Autumn,3.5,3.6,184,342,1011,Delta,No_or_limited_measures,754,Optional,77.1,3.8,7930,29122
29547,18.19,1044844,Autumn,4,3.6,160,352,1020,Delta,No_or_limited_measures,894,Optional,77,3.6,8139,29195
30379,18.19,1134430,Autumn,4,3.6,166,353,1081,Delta,No_or_limited_measures,951,Optional,76.9,3.6,8421,30026
31417,18.19,885413,Autumn,2.5,3,170,394,1060,Delta,No_or_limited_measures,952,Optional,76.8,3.4,8414,31023
34652,18.19,1075606,Autumn,3.5,3.6,118,428,1056,Delta,No_or_limited_measures,943,Optional,76.7,3.4,8490,34224
24053,19.26,1070797,Autumn,4,3.8,141,293,1055,Delta,No_or_limited_measures,868,Optional,76.6,4,8267,23760
23531,19.26,722751,Autumn,3.5,4,144,284,1027,Delta,No_or_limited_measures,851,Optional,76.5,4,8157,23247
29175,19.26,1072813,Autumn,3.5,3.4,149,372,1056,Delta,No_or_limited_measures,926,Optional,76.3,3.6,8329,28803
33965,19.26,1234443,Autumn,3.5,3.6,180,420,1051,Delta,No_or_limited_measures,1037,Optional,76.2,3.4,8158,33545
35839,19.26,1248402,Autumn,4,3.6,142,502,1060,Delta,No_or_limited_measures,1167,Optional,76,3.4,8149,35337
38610,19.26,1183116,Autumn,3.5,3.4,164,483,1047,Delta,No_or_limited_measures,1104,Optional,75.9,3.4,7993,38127
44915,19.26,1372656,Autumn,3.5,3.4,156,583,1062,Delta,No_or_limited_measures,1077,Optional,75.7,3.4,8049,44332
31799,7.95,1024203,Autumn,4,4,164,381,1018,Delta,No_or_limited_measures,879,Optional,75.6,4,7762,31418
31804,7.95,746766,Autumn,3.5,3.6,144,368,1019,Delta,No_or_limited_measures,951,Optional,75.4,4,7567,31436
38626,7.95,1192010,Autumn,3.5,3.4,151,461,1034,Delta,No_or_limited_measures,928,Optional,75.2,3.5,7682,38165
42310,7.95,1161707,Autumn,3.5,3.2,137,557,1038,Delta,No_or_limited_measures,999,Optional,75,3.5,7633,41753
43515,7.95,1029454,Autumn,3,3.2,125,535,1030,Delta,No_or_limited_measures,1084,Optional,74.8,3.333333333,7693,42980
45206,7.95,933480,Summer,3,3.2,126,600,1014,Delta,No_or_limited_measures,1003,Optional,74.6,3.333333333,7689,44606
34755,7.95,692836,Summer,4,2.6,109,451,984,Delta,No_or_limited_measures,997,Optional,74.4,2.833333333,7350,34304
26132,11.19,711220,Summer,4,3.6,139,320,971,Delta,No_or_limited_measures,857,Optional,74.3,3.833333333,7121,25812
27594,11.19,697803,Summer,3.5,3.6,134,308,953,Delta,No_or_limited_measures,864,Optional,74.2,3.666666667,6991,27286
33735,11.19,895980,Summer,3.5,3.2,138,410,988,Delta,No_or_limited_measures,945,Optional,73.9,3.333333333,7096,33325
37609,11.19,955124,Summer,3.5,3.2,125,496,982,Delta,No_or_limited_measures,957,Optional,73.7,3.166666667,7042,37113
38769,11.19,931592,Summer,4,3.2,107,483,974,Delta,No_or_limited_measures,1036,Optional,73.4,3.166666667,6997,38286
37671,11.19,753489,Summer,4,3,118,505,957,Delta,No_or_limited_measures,1000,Optional,73.2,3.166666667,6972,37166
39709,11.19,763404,Summer,3.5,3.2,120,491,942,Delta,No_or_limited_measures,966,Optional,72.9,3.166666667,7030,39218
28729,10.51,680215,Summer,3.5,3.4,128,309,963,Delta,No_or_limited_measures,834,Optional,72.7,3.833333333,6760,28420
28516,10.51,639328,Summer,3,3.4,116,321,955,Delta,No_or_limited_measures,877,Optional,72.5,3.5,6542,28195
32224,10.51,766849,Summer,3.5,3,126,410,955,Delta,No_or_limited_measures,872,Optional,72.2,3.166666667,6531,31814
36485,10.51,826979,Summer,4,3.2,115,499,928,Delta,No_or_limited_measures,950,Optional,71.9,3.166666667,6519,35986
38735,10.51,806967,Summer,4,2.8,111,533,909,Delta,No_or_limited_measures,913,Optional,71.6,3.166666667,6475,38202
37909,10.51,733234,Summer,3,2.8,100,567,925,Delta,No_or_limited_measures,967,Optional,71.3,3.166666667,6415,37342
36895,10.51,720099,Summer,3.5,3.2,89,500,918,Delta,No_or_limited_measures,870,Optional,71,3.166666667,6391,36395
25322,12.96,675523,Summer,4,3.4,91,293,898,Delta,No_or_limited_measures,807,Optional,70.8,3.833333333,6054,25029
25057,12.96,649629,Summer,3.5,3.6,103,273,892,Delta,No_or_limited_measures,788,Optional,70.6,3.666666667,5893,24784
28970,12.96,823257,Summer,3.5,3.2,98,358,892,Delta,No_or_limited_measures,790,Optional,70.2,3.166666667,5996,28612
31721,12.96,816020,Summer,4,3,106,441,882,Delta,No_or_limited_measures,861,Optional,69.9,3.333333333,5968,31280
33347,12.96,839655,Summer,4,3.2,88,415,871,Delta,No_or_limited_measures,850,Optional,69.6,3.166666667,6013,32932
31515,12.96,749227,Summer,3.5,3.2,85,451,874,Delta,No_or_limited_measures,894,Optional,69.3,3.333333333,6028,31064
32157,12.96,746853,Summer,3,2.8,84,469,859,Delta,No_or_limited_measures,760,Optional,69,3.166666667,6026,31688
22885,11.64,690941,Summer,3,3.4,84,278,856,Delta,No_or_limited_measures,742,Optional,68.8,3.5,5865,22607
22566,11.64,653403,Summer,2.5,3.4,106,298,854,Delta,No_or_limited_measures,729,Optional,68.6,3.5,5712,22268
28058,11.64,793570,Summer,3,2.8,98,390,870,Delta,No_or_limited_measures,782,Optional,68.2,3.166666667,5761,27668
31660,11.64,829750,Summer,3,2.8,101,412,871,Delta,No_or_limited_measures,812,Optional,67.9,3.166666667,5763,31248
32337,11.64,843810,Summer,3.5,3.2,92,447,881,Delta,No_or_limited_measures,836,Optional,67.6,3.166666667,5800,31890
30445,11.64,722566,Summer,3.5,2.8,80,400,887,Delta,No_or_limited_measures,763,Optional,67.3,3.166666667,6014,30045
29834,11.64,743471,Summer,3.5,3.2,92,422,895,Delta,No_or_limited_measures,788,Optional,67.1,3.166666667,6223,29412
20899,11.41,672220,Summer,3.5,3.4,96,263,877,Delta,No_or_limited_measures,739,Optional,66.8,3.5,5990,20636
20568,11.41,669556,Summer,3,3.6,91,300,893,Delta,No_or_limited_measures,676,Optional,66.6,3.5,5966,20268
24744,11.41,839039,Summer,3,2.8,103,346,889,Delta,No_or_limited_measures,746,Optional,66.3,3.166666667,6027,24398
28430,11.41,864788,Summer,4,3.2,88,383,869,Delta,No_or_limited_measures,840,Optional,66,3.166666667,5994,28047
30237,11.41,903538,Summer,2.5,2.8,84,406,853,Delta,No_or_limited_measures,852,Optional,65.7,3,6114,29831
29574,11.41,801954,Summer,3,2.8,77,425,848,Delta,No_or_limited_measures,922,Optional,65.4,3.166666667,6105,29149
29977,11.41,823325,Summer,3.5,3.2,79,411,820,Delta,No_or_limited_measures,941,Optional,65.1,3.166666667,6010,29566
22172,7.01,792142,Summer,2,3.2,71,280,779,Delta,No_or_limited_measures,939,Optional,64.8,3.333333333,5653,21892
22849,7.01,753369,Summer,3,3.6,69,284,755,Delta,No_or_limited_measures,828,Optional,64.6,3.5,5384,22565
27764,7.01,910023,Summer,4,3.2,83,340,715,Delta,No_or_limited_measures,867,Optional,64.3,3.333333333,5317,27424
31274,7.01,1015937,Summer,3.5,3,85,366,699,Delta,No_or_limited_measures,955,Optional,63.9,3.333333333,5107,30908
35535,7.01,1034621,Summer,3.5,3,61,421,647,Delta,No_or_limited_measures,930,Optional,63.6,3.333333333,4936,35114
39869,7.01,887467,Summer,3.5,3,68,581,618,Delta,No_or_limited_measures,938,Optional,63.3,3,4748,39288
47911,7.01,1090802,Summer,3.5,3.2,88,631,611,Delta,No_or_limited_measures,877,Optional,63,3.166666667,4655,47280
36180,4.33,1041938,Summer,4,3.6,72,424,582,Delta,Social_distancing,799,Yes,62.8,3.5,4351,35756
38473,4.33,779722,Summer,4,3.8,60,409,583,Delta,Social_distancing,710,Yes,62.5,3.5,4235,38064
55262,4.33,973506,Summer,4,3.4,55,661,573,Delta,Social_distancing,700,Yes,62.2,3.333333333,4155,54601
61996,4.33,1182258,Summer,3.5,3.2,54,802,551,Delta,Social_distancing,775,Yes,61.8,3.166666667,4042,61194
54909,4.33,1206792,Summer,3.5,3.2,47,719,545,Delta,Social_distancing,755,Yes,61.5,3.166666667,3861,54190
47704,4.33,934109,Summer,3.5,3,50,635,522,Delta,Social_distancing,750,Yes,61.1,3,3677,47069
44505,4.33,1088730,Summer,2.5,2.8,43,558,482,Delta,Social_distancing,732,Yes,60.9,3,3462,43947
30502,5.38,1121822,Summer,4,4,36,319,454,Delta,Social_distancing,594,Yes,60.6,3.666666667,3186,30183
28373,5.38,740446,Summer,3,3.8,45,318,448,Delta,Social_distancing,552,Yes,60.5,3.333333333,3040,28055
32799,5.38,905424,Summer,4,3.4,52,405,437,Delta,Social_distancing,559,Yes,60.1,3.166666667,2943,32394
33999,5.38,1115031,Summer,3.5,3.2,42,424,417,Delta,Social_distancing,608,Yes,59.8,3.166666667,2772,33575
38593,5.38,1234183,Summer,3,3.2,36,508,417,Delta,Social_distancing,571,Yes,59.5,3.166666667,2685,38085
36040,5.38,969123,Summer,2.5,3,35,464,392,Delta,Social_distancing,577,Yes,59.2,3,2490,35576
34897,5.38,1177790,Summer,3.5,3.2,29,503,369,Delta,Social_distancing,521,Yes,58.9,3,2368,34394
25155,-4.81,1277488,Summer,3.5,3.6,29,321,336,Delta,Social_distancing,470,Yes,58.6,3.166666667,2181,24834
24007,-4.81,655159,Summer,3,3.6,31,299,327,Delta,Social_distancing,396,Yes,58.5,3.333333333,2061,23708
26340,-4.81,876251,Summer,4,3.4,32,360,321,Delta,Social_distancing,391,Yes,58.1,3.166666667,2017,25980
28794,-4.81,1122235,Summer,3.5,3.2,28,484,300,Delta,Social_distancing,373,Yes,57.8,3.166666667,1940,28310
28922,-4.81,1248762,Summer,3,3.4,26,403,287,Delta,Social_distancing,417,Yes,57.5,3,1830,28519
28199,-4.81,883097,Summer,3,2.8,24,411,283,Delta,Social_distancing,368,Yes,57.2,3,1751,27788
28418,-4.81,1112511,Summer,2.5,3.2,18,478,297,Delta,Social_distancing,310,Yes,56.9,3,1748,27940
18502,-6.68,1210109,Summer,3.5,3.6,24,276,263,Delta,Social_distancing,267,Yes,56.7,3,1610,18226
16300,-6.68,610924,Summer,3.5,3.8,17,242,256,Delta,Social_distancing,268,Yes,56.4,3.333333333,1549,16058
18169,-6.68,851871,Summer,3.5,3.4,22,303,257,Delta,Social_distancing,257,Yes,56.1,3.166666667,1542,17866
18712,-6.68,1080844,Summer,3.5,3.2,29,308,259,Delta,Social_distancing,255,Yes,55.8,3.166666667,1521,18404
18350,-6.68,1149363,Summer,3.5,3.2,9,327,246,Delta,Social_distancing,275,Yes,55.5,3.166666667,1500,18023
17403,-6.68,823392,Summer,3,3.2,17,306,250,Delta,Social_distancing,242,Yes,55.2,3,1546,17097
16307,-6.68,1037160,Summer,2.5,3,12,275,228,Delta,Social_distancing,233,Yes,54.8,2.833333333,1522,16032
10087,0.35,1149505,Summer,3.5,3.6,22,161,210,Delta,Social_distancing,207,Yes,54.7,3,1388,9926
8445,0.35,585964,Summer,3,3.8,20,147,215,Delta,Social_distancing,211,Yes,54.5,3.166666667,1353,8298
10320,0.35,791463,Summer,2,2.8,18,221,223,Delta,Social_distancing,239,Yes,54.1,3.166666667,1368,10099
11106,0.35,1038991,Summer,3,3.2,9,250,210,Delta,Social_distancing,245,Yes,53.7,3,1326,10856
11051,0.35,1104895,Summer,3.5,3.2,16,195,208,Delta,Social_distancing,230,Yes,53.3,3,1261,10856
10796,0.35,778533,Summer,3.5,3.2,21,235,206,Delta,Social_distancing,230,Yes,52.9,3,1236,10561
10362,0.35,945417,Summer,3.5,3.2,13,191,188,Delta,Social_distancing,227,Yes,52.5,3,1185,10171
7135,1.84,1051847,Summer,3.5,3.8,12,126,188,Delta,Social_distancing,223,Yes,52.1,3.5,1144,7009
6284,1.84,525563,Summer,4,3.8,12,121,169,Delta,Social_distancing,178,Yes,51.8,3.333333333,1109,6163
7619,1.84,737355,Summer,4,3.4,13,153,161,Delta,Social_distancing,180,Yes,51.2,3.166666667,1080,7466
8042,1.84,947451,Summer,3.5,3.2,16,161,158,Delta,Social_distancing,201,Yes,50.7,3,1098,7881
8210,1.84,1087814,Summer,3.5,3.2,17,139,159,Delta,Social_distancing,191,Yes,50.2,3,1067,8071
7896,1.84,727790,Summer,3.5,3.2,15,176,154,Delta,Social_distancing,189,Yes,49.6,3,1060,7720
7945,1.84,947875,Summer,3.5,3.2,6,156,148,Delta,Social_distancing,177,Yes,49.1,3,1038,7789
5533,-4.39,1241214,Summer,4,3.6,13,101,145,Delta,Social_distancing,156,Yes,48.6,3,967,5432
4731,-4.39,482904,Summer,4,3.8,7,70,135,Delta,Social_distancing,128,Yes,48.1,3.333333333,941,4661
5860,-4.39,672842,Summer,2.5,2.6,14,102,130,Delta,Social_distancing,126,Yes,47.3,3,968,5758
6256,-4.39,811860,Summer,4,3,16,127,134,Delta,Social_distancing,128,Yes,46.6,3,941,6129
6168,-4.39,853146,Summer,4,3,12,97,129,Delta,Social_distancing,131,Yes,45.9,3,964,6071
5431,-4.39,672280,Summer,3.5,3,10,145,136,Delta,Social_distancing,157,Yes,45.3,3,933,5286
3897,-4.39,612190,Spring,4,2.8,11,95,122,Delta,Social_distancing,124,Yes,44.7,2.666666667,932,3802
3164,-3.28,626632,Spring,4,3.8,9,58,124,Delta,Social_distancing,112,Yes,44.4,3.666666667,910,3106
2999,-3.28,483475,Spring,4,3.8,12,47,119,Delta,Social_distancing,105,Yes,44.1,3.333333333,890,2952
3589,-3.28,679418,Spring,3.5,3.4,14,81,124,Delta,Social_distancing,139,Yes,43.3,3.166666667,889,3508
3747,-3.28,962255,Spring,4,3.2,8,99,120,Delta,Social_distancing,127,Yes,42.6,3,875,3648
3921,-3.28,1134125,Spring,3.5,3.2,14,90,125,Delta,Social_distancing,132,Yes,41.8,3,898,3831
3427,-3.28,748922,Spring,3.5,2.8,10,98,128,Alpha,Social_distancing,133,Yes,41.1,3,924,3329
3368,-3.28,970884,Spring,3,2.8,16,103,121,Alpha,Social_distancing,139,Yes,40.4,2.833333333,963,3265
2326,-3.55,1171568,Spring,3,3.2,16,64,120,Alpha,Social_distancing,116,Yes,39.8,3,927,2262
2000,-3.55,494869,Spring,3,3.6,4,60,123,Alpha,Social_distancing,119,Yes,39.4,3.333333333,890,1940
2365,-3.55,724810,Spring,2.5,3,18,56,124,Alpha,Social_distancing,125,Yes,38.4,3,925,2309
2517,-3.55,998144,Spring,3.5,3,7,85,123,Alpha,Social_distancing,132,Yes,37.7,2.833333333,915,2432
2812,-3.55,1188909,Spring,3,3,4,76,122,Alpha,Social_distancing,128,Yes,36.9,3,921,2736
2812,-3.55,752844,Spring,3,2.8,11,87,124,Alpha,Social_distancing,128,Yes,36.3,3,902,2725
2858,-3.55,1005482,Spring,3,2.8,13,93,125,Alpha,Social_distancing,102,Yes,35.7,2.833333333,947,2765
1922,5.41,1111768,Spring,2,3.2,14,56,123,Alpha,Social_distancing,81,Yes,35.3,2.666666667,945,1866
1626,5.41,482909,Spring,2,3.4,15,43,121,Alpha,Social_distancing,91,Yes,35,3,970,1583
1936,5.41,700921,Spring,2.5,3,14,72,124,Alpha,Social_distancing,97,Yes,34.3,2.666666667,980,1864
2182,5.41,1028069,Spring,2.5,2.6,15,70,129,Alpha,Social_distancing,103,Yes,33.6,2.333333333,1004,2112
2335,5.41,1205267,Spring,3,2.8,15,92,136,Alpha,Social_distancing,122,Yes,32.8,2.5,1071,2243
2328,5.41,715994,Spring,3,2.8,21,77,138,Alpha,Social_distancing,109,Yes,32.1,2.5,1108,2251
2808,5.41,965959,Spring,3,2.8,8,83,149,Alpha,Social_distancing,105,Yes,31.5,2.333333333,1131,2725
2307,-19.2,1323041,Spring,3.5,3.4,11,78,144,Alpha,Social_distancing,103,Yes,31.1,3,1120,2229
1607,-19.2,490991,Spring,1.5,3.2,20,47,151,Alpha,Social_distancing,111,Yes,30.7,2.333333333,1139,1560
1981,-19.2,709120,Spring,3,3,17,72,159,Alpha,Social_distancing,104,Yes,30,2.666666667,1159,1909
2325,-19.2,1068411,Spring,3,2.8,17,90,163,Alpha,Social_distancing,120,Yes,29.2,2.5,1161,2235
2568,-19.2,1207455,Spring,2.5,2.6,22,101,182,Alpha,Social_distancing,120,Yes,28.3,2.166666667,1241,2467
2550,-19.2,872074,Spring,2,2.8,15,91,181,Alpha,Social_distancing,103,Yes,27.6,2.166666667,1297,2459
2084,-19.2,1076424,Spring,3,2,17,60,187,Alpha,Social_distancing,123,Yes,27.2,1.833333333,1304,2024
1521,-7.61,834751,Spring,3,3.4,19,54,196,Alpha,Social_distancing,120,Yes,27,3,1286,1467
1431,-7.61,484465,Spring,2.5,3.6,15,52,188,Alpha,Social_distancing,102,Yes,26.7,3,1288,1379
1825,-7.61,667757,Spring,2.5,3,16,84,185,Alpha,Social_distancing,114,Yes,26,2.5,1367,1741
2230,-7.61,1074231,Spring,2.5,2.8,17,92,196,Alpha,Social_distancing,103,Yes,25.3,2.5,1465,2138
2499,-7.61,1358139,Spring,2,2.6,21,84,208,Alpha,Social_distancing,112,Yes,24.4,2,1516,2415
2177,-7.61,734771,Spring,3,2.6,25,72,214,Alpha,Social_distancing,169,Yes,23.6,2.333333333,1573,2105
2627,-7.61,1045240,Spring,3,2.8,21,115,227,Alpha,Social_distancing,135,Yes,23,2.166666667,1650,2512
2119,-4.84,1479341,Spring,3,3.4,27,73,231,Alpha,Social_distancing,138,Yes,22.4,2.666666667,1627,2046
1564,-4.84,500713,Spring,3,3.6,24,50,240,Alpha,Social_distancing,130,Yes,22,3,1674,1514
2020,-4.84,725741,Spring,3,2.8,29,89,243,Alpha,Social_distancing,157,Yes,21,2.333333333,1750,1931
2409,-4.84,1113288,Spring,3,2.8,33,109,261,Alpha,Social_distancing,122,Yes,20.2,2.333333333,1792,2300
2709,-4.84,1371537,Spring,2.5,2.6,35,95,276,Alpha,Social_distancing,173,Yes,19.5,2.166666667,1894,2614
2541,-4.84,735426,Spring,3.5,2.8,35,124,300,Alpha,Social_distancing,134,Yes,18.7,2.333333333,1927,2417
2738,-4.84,1052307,Spring,3,2.8,23,105,318,Alpha,Social_distancing,179,Yes,18.1,2.166666667,2008,2633
2584,-12.75,1677731,Spring,3.5,3.4,31,74,311,Alpha,Social_distancing,141,Yes,17.7,2.833333333,1984,2510
1721,-12.75,491778,Spring,3,3.4,42,44,323,Alpha,Social_distancing,159,Yes,17.3,2.666666667,2036,1677
2347,-12.75,682205,Spring,3,2.8,32,72,332,Alpha,Social_distancing,160,Yes,16.4,2.166666667,2141,2275
2344,-12.75,991865,Spring,2.5,2.4,43,85,329,Alpha,Social_distancing,161,Yes,15.5,2.166666667,2196,2259
2512,-12.75,1164115,Spring,3,2.2,35,79,351,Alpha,Social_distancing,196,Yes,14.8,2.166666667,2296,2433
2495,-12.75,684313,Spring,3,2.4,47,93,370,Alpha,Social_distancing,182,Yes,14.2,2.166666667,2410,2402
2878,-12.75,884718,Spring,3,2.8,37,95,377,Alpha,Social_distancing,205,Yes,13.7,2.166666667,2494,2783
2376,-11.61,1218924,Spring,2.5,3,41,42,385,Alpha,Weak_lockdown,205,Yes,13.3,2,2551,2334
2380,-11.61,481757,Spring,1,2.6,43,47,385,Alpha,Weak_lockdown,186,Yes,13,1.833333333,2652,2333
2952,-11.61,678914,Spring,2.5,2.4,38,76,405,Alpha,Weak_lockdown,206,Yes,12.2,1.833333333,2794,2876
3147,-11.61,935104,Spring,2.5,2.2,62,90,421,Alpha,Weak_lockdown,207,Yes,11.4,1.666666667,2873,3057
3253,-11.61,1036251,Spring,2,2,45,83,440,Alpha,Weak_lockdown,235,Yes,10.6,1.5,3020,3170
3312,-11.61,635483,Spring,2,2.2,45,91,453,Alpha,Weak_lockdown,223,Yes,9.9,1.666666667,3144,3221
2744,-11.61,746399,Spring,2.5,2,45,63,461,Alpha,Weak_lockdown,238,Yes,9.6,1.333333333,3256,2681
2412,-18.69,815680,Spring,2.5,2.8,53,46,469,Alpha,Weak_lockdown,197,Yes,9.4,2,3230,2366
2506,-18.69,407008,Spring,1.5,2.8,41,28,478,Alpha,Weak_lockdown,222,Yes,9.4,1.833333333,3245,2478
2747,-18.69,553474,Spring,2.5,2,50,46,485,Alpha,Weak_lockdown,237,Yes,9.1,1.5,3377,2701
3674,-18.69,953784,Spring,2.5,2.6,63,74,517,Alpha,Weak_lockdown,234,Yes,8.6,1.833333333,3558,3600
3967,-18.69,1267481,Spring,2.5,2.6,74,68,547,Alpha,Weak_lockdown,270,Yes,7.8,1.833333333,3743,3899
3779,-18.69,701962,Spring,2.5,2.8,54,77,568,Alpha,Weak_lockdown,257,Yes,7.2,2.166666667,3977,3702
4196,-18.69,981583,Spring,2.5,2.8,71,83,583,Alpha,Weak_lockdown,251,Yes,6.7,1.833333333,4198,4113
5029,-5.31,1644848,Spring,1.5,2.6,49,70,582,Alpha,Moderate_lockdown,273,Yes,6.4,1.666666667,4186,4959
3731,-5.31,471603,Spring,2,2.8,64,48,594,Alpha,Moderate_lockdown,273,Yes,6.1,1.833333333,4437,3683
4567,-5.31,723043,Spring,1,2.2,75,61,615,Alpha,Moderate_lockdown,298,Yes,5.7,1.833333333,4486,4506
5616,-5.31,1275669,Spring,2,2.2,79,82,630,Alpha,Moderate_lockdown,341,Yes,5.2,1.833333333,4584,5534
6222,-5.31,1812582,Spring,2,2.4,70,93,682,Alpha,Moderate_lockdown,350,Yes,4.8,1.833333333,4881,6129
5481,-5.31,848978,Spring,2,2.4,94,83,711,Alpha,Moderate_lockdown,368,Yes,4.4,1.833333333,5151,5398
6458,-5.31,1205749,Spring,2.5,2.4,108,80,748,Alpha,Moderate_lockdown,361,Yes,4.1,1.833333333,5432,6378
5388,-8.57,1895480,Spring,2.5,2.5,126,63,768,Alpha,Moderate_lockdown,358,Yes,4,1.833333333,5449,5325
4246,-8.57,471045,Spring,1.5,2.3,100,42,787,Alpha,Moderate_lockdown,364,Yes,3.9,1.833333333,5568,4204
5176,-8.57,940208,Spring,2.5,2.3,102,65,830,Alpha,Moderate_lockdown,380,Yes,3.7,1.833333333,5881,5111
5623,-8.57,1436081,Spring,1.5,1.7,100,48,879,Alpha,Moderate_lockdown,451,Yes,3.5,1.666666667,6151,5575
5976,-8.57,1636612,Spring,1.5,1.7,127,63,925,Alpha,Moderate_lockdown,445,Yes,3.3,1.666666667,6586,5913
5849,-8.57,1327955,Spring,1.5,1.7,114,58,968,Alpha,Moderate_lockdown,441,Yes,3.1,1.833333333,6848,5791
6697,-8.57,1583357,Spring,2,1.9,137,64,1016,Alpha,Moderate_lockdown,503,Yes,2.9,1.833333333,7209,6633
4425,-5.17,965197,Spring,2,2.5,137,41,1049,Alpha,Moderate_lockdown,428,Yes,2.8,1.5,7318,4384
4379,-5.17,437728,Spring,1,2.5,135,39,1087,Alpha,Moderate_lockdown,463,Yes,2.8,1.5,7386,4340
5716,-5.17,1405524,Spring,1.5,1.9,135,52,1110,Alpha,Moderate_lockdown,480,Yes,2.7,2.166666667,7730,5664
5933,-5.17,1615476,Spring,1.5,1.9,173,57,1192,Alpha,Moderate_lockdown,551,Yes,2.5,1.666666667,8068,5876
6251,-5.17,1554753,Spring,1,1.5,161,78,1236,Alpha,Moderate_lockdown,567,Yes,2.4,1.5,8437,6173
6487,-5.17,1379642,Spring,2.5,1.9,185,102,1292,Alpha,Moderate_lockdown,579,Yes,2.2,1.833333333,9010,6385
6890,-5.17,1537849,Spring,2,1.9,197,101,1356,Alpha,Moderate_lockdown,576,Yes,2.1,1.666666667,9475,6789
4410,2.74,806934,Spring,2,2.5,197,39,1394,Alpha,Severe_lockdown,535,Yes,2,1.5,9460,4371
4628,2.74,452587,Spring,1,2.3,210,36,1449,Alpha,Severe_lockdown,636,Yes,2,1.333333333,9712,4592
5467,2.74,952887,Spring,1.5,1.9,222,58,1542,Alpha,Severe_lockdown,599,Yes,1.9,1.333333333,10313,5409
5937,2.74,994447,Spring,1,1.5,233,75,1589,Alpha,Severe_lockdown,706,Yes,1.8,1.333333333,10934,5862
6172,2.74,861334,Spring,1,1.3,217,71,1647,Alpha,Severe_lockdown,713,Yes,1.7,1.166666667,11524,6101
6919,2.74,680103,Spring,1.5,1.5,244,118,1709,Alpha,Severe_lockdown,835,Yes,1.6,1.333333333,12140,6801
7191,2.74,736972,Spring,2,1.7,296,149,1806,Alpha,Severe_lockdown,825,Yes,1.5,1.333333333,12895,7042
4873,7.96,527220,Winter,2,2.3,281,47,1783,Alpha,Severe_lockdown,771,Yes,1.4,1.5,12789,4826
4949,7.96,381390,Winter,2.5,2.3,306,39,1903,Alpha,Severe_lockdown,742,Yes,1.4,1.833333333,13270,4910
6783,7.96,606952,Winter,2.5,1.7,303,70,1971,Alpha,Severe_lockdown,864,Yes,1.3,1.333333333,14078,6713
8025,7.96,732293,Winter,1.5,1.5,354,124,2047,Alpha,Severe_lockdown,971,Yes,1.3,1.333333333,14850,7901
8845,7.96,740392,Winter,2,1.5,365,113,2118,Alpha,Severe_lockdown,1022,Yes,1.2,1.333333333,15535,8732
9762,7.96,600774,Winter,2,1.5,380,130,2149,Alpha,Severe_lockdown,1120,Yes,1.2,1.333333333,16116,9632
11655,7.96,678459,Winter,1.5,1.3,379,182,2273,Alpha,Severe_lockdown,1120,Yes,1.1,1.166666667,16856,11473
8097,17.27,591085,Winter,2.5,2.1,411,56,2329,Alpha,Severe_lockdown,1157,Yes,1.1,1.333333333,16858,8041
8312,17.27,405408,Winter,2,2.1,452,65,2358,Alpha,Severe_lockdown,1091,Yes,1.1,1.333333333,17043,8247
10728,17.27,524758,Winter,1.5,1.5,469,125,2469,Alpha,Severe_lockdown,1272,Yes,1.1,1.333333333,17861,10603
11794,17.27,561826,Winter,1.5,1.5,521,114,2535,Alpha,Severe_lockdown,1339,Yes,1,1.333333333,18523,11680
11942,17.27,579872,Winter,1,1.3,505,128,2614,Alpha,Severe_lockdown,1411,Yes,1,1.166666667,19450,11814
12941,17.27,495219,Winter,1,1.3,566,121,2708,Alpha,Severe_lockdown,1495,Yes,1,1.166666667,20216,12820
14735,17.27,466784,Winter,2,1.3,615,174,2805,Alpha,Severe_lockdown,1503,Yes,0.9,1.166666667,20995,14561
8994,26.15,401576,Winter,1,1.9,605,49,2851,Alpha,Severe_lockdown,1538,Yes,0.9,1.166666667,21055,8945
9034,26.15,406691,Winter,1,2.1,586,57,2842,Alpha,Severe_lockdown,1428,Yes,0.9,1.333333333,20971,8977
12573,26.15,626736,Winter,1,1.5,635,114,2943,Alpha,Severe_lockdown,1511,Yes,0.9,1,22325,12459
13139,26.15,731382,Winter,1,1.3,676,87,3036,Alpha,Severe_lockdown,1680,Yes,0.9,1,23412,13052
13899,26.15,761963,Winter,1,1.3,712,119,3132,Alpha,Severe_lockdown,1726,Yes,0.9,1.166666667,24418,13780
14225,26.15,584321,Winter,1,1.3,723,129,3164,Alpha,Severe_lockdown,1754,Yes,0.9,1.166666667,25690,14096
16194,26.15,628631,Winter,1,1.3,778,115,3230,Alpha,Severe_lockdown,1921,Yes,0.9,1.166666667,26745,16079
11664,37.61,583340,Winter,1,1.9,752,45,3302,Alpha,Severe_lockdown,1852,Yes,0.9,1,26801,11619
12320,37.61,457147,Winter,1,1.9,787,55,3373,Alpha,Severe_lockdown,1893,Yes,0.9,1.166666667,26915,12265
16308,37.61,677783,Winter,1.5,1.5,872,107,3505,Alpha,Severe_lockdown,2005,Yes,0.9,1.166666667,28384,16201
18492,37.61,789095,Winter,1,1.3,826,97,3572,Alpha,Severe_lockdown,2142,Yes,0.9,1,29414,18395
19914,37.61,805351,Winter,1,1.3,974,127,3628,Alpha,Severe_lockdown,2362,Yes,0.9,1,30605,19787
20268,37.61,617757,Winter,1.5,1.3,960,115,3635,Alpha,Severe_lockdown,2481,Yes,0.9,1,31767,20153
22971,37.61,662984,Winter,1,1.3,1005,119,3726,Alpha,Severe_lockdown,2605,Yes,0.9,1.166666667,32961,22852
15783,40.89,582713,Winter,1,1.9,993,57,3687,Alpha,Severe_lockdown,2408,Yes,0.9,1.166666667,32587,15726
17167,40.89,449009,Winter,1,1.9,1025,69,3806,Alpha,Severe_lockdown,2469,Yes,0.9,1,33017,17098
22433,40.89,676840,Winter,1,1.3,1159,104,3832,Alpha,Severe_lockdown,2687,Yes,0.8,1,33849,22329
24772,40.89,777591,Winter,1,1.3,1224,113,3918,Alpha,Severe_lockdown,3044,Yes,0.8,1,34911,24659
26303,40.89,816338,Winter,1,1.3,1232,114,3937,Alpha,Severe_lockdown,3059,Yes,0.8,1,35515,26189
27730,40.89,646599,Winter,1,1.3,1171,143,3961,Alpha,Severe_lockdown,3150,Yes,0.8,1,37103,27587
30736,40.89,554417,Winter,1.5,1.3,1263,148,4032,Alpha,Severe_lockdown,2932,Yes,0.8,1.166666667,37758,30588
17554,37.41,412802,Winter,1.5,1.9,1239,42,4077,Alpha,Severe_lockdown,3113,Yes,0.8,1,37732,17512
22344,37.41,481000,Winter,1,1.9,1286,74,4066,Alpha,Severe_lockdown,3118,Yes,0.8,1.166666667,37400,22270
30330,37.41,633418,Winter,1.5,1.3,1333,122,4076,Alpha,Severe_lockdown,3395,Yes,0.8,1,38260,30208
32501,37.41,665124,Winter,1,1.3,1349,131,3960,Alpha,Severe_lockdown,3637,Yes,0.8,1,38061,32370
35985,37.41,645198,Winter,1,1.3,1382,161,3953,Alpha,Severe_lockdown,4051,Yes,0.8,1,38741,35824
40526,37.41,585790,Winter,1,1.3,1488,183,3947,Alpha,Severe_lockdown,4161,Yes,0.8,1,38848,40343
45956,37.41,566981,Winter,1,1.3,1401,204,3916,Alpha,Severe_lockdown,4062,Yes,0.8,1,39256,45752
29592,26.25,417972,Winter,2,1.9,1361,85,3871,Alpha,Severe_lockdown,3751,Yes,0.8,1.166666667,38171,29507
31247,26.25,492549,Winter,1.5,1.7,1417,88,3854,Alpha,Severe_lockdown,3944,Yes,0.8,1,37717,31159
41450,26.25,599603,Winter,1.5,1.3,1323,137,3789,Alpha,Severe_lockdown,3684,Yes,0.8,1,38135,41313
43473,26.25,696927,Winter,1.5,1.3,1339,157,3672,Alpha,Severe_lockdown,4100,Yes,0.8,1,37694,43316
46506,26.25,629223,Winter,1,1.3,1305,129,3626,Alpha,Severe_lockdown,4225,Yes,0.8,1,37489,46377
50647,26.25,590404,Winter,1,1.3,1318,212,3496,Alpha,Severe_lockdown,4580,Yes,0.7,1,36983,50435
58591,26.25,543719,Winter,1,1.3,1241,211,3363,Alpha,Severe_lockdown,4309,Yes,0.7,1.166666667,36753,58380
37174,46.09,486834,Winter,1,1.9,1172,69,3264,Alpha,Severe_lockdown,3941,Yes,0.7,1.166666667,35393,37105
40035,46.09,566599,Winter,1.5,1.9,1092,83,3145,Alpha,Severe_lockdown,4127,Yes,0.792162138,1.333333333,34034,39952
48104,46.09,682322,Winter,1.5,1.3,1052,146,3098,Alpha,Severe_lockdown,4002,Yes,1.654559285,1.166666667,33780,47958
53187,46.09,621347,Winter,1.5,1.3,1055,147,2929,Alpha,Severe_lockdown,4294,Yes,1.666559285,1.166666667,32585,53040
58783,46.09,560665,Winter,1,1.3,1014,156,2821,Alpha,Severe_lockdown,4396,Yes,1.662559285,1.166666667,31948,58627
66635,46.09,505527,Winter,1.5,1.3,972,201,2645,Alpha,Moderate_lockdown,4115,Yes,11.47255929,1.166666667,30688,66434
77970,46.09,469422,Winter,1.5,1.3,896,198,2560,Alpha,Moderate_lockdown,3937,Yes,12.29941214,1.333333333,30777,77772
56332,24.58,431195,Winter,1.5,1.9,807,87,2420,Initial,Moderate_lockdown,3650,Yes,1.880162138,1.333333333,29035,56245
61654,24.58,412419,Winter,1.5,1.7,833,96,2256,Initial,Moderate_lockdown,3440,Yes,4.296309285,1.166666667,27563,61558
32482,24.58,421447,Winter,1.5,1.3,809,54,2162,Initial,Moderate_lockdown,3364,Yes,1.022642619,1.166666667,26391,32428
53945,24.58,481233,Winter,1.5,1.7,824,85,2122,Initial,Moderate_lockdown,2924,Yes,1.881309285,1.166666667,26579,53860
72161,24.58,423248,Winter,2,1.5,760,151,2066,Initial,Moderate_lockdown,3289,Yes,9.940412138,1.333333333,26552,72010
83088,24.58,350266,Winter,2,1.3,713,160,1939,Initial,Moderate_lockdown,3250,Yes,12.39241214,1.333333333,25550,82928
46407,24.58,361413,Winter,2,1.3,723,63,1847,Initial,Moderate_lockdown,3131,Yes,1.051642619,1.166666667,24050,46344
48519,40.23,354234,Winter,2,1.9,718,62,1751,Initial,Moderate_lockdown,2871,Yes,1.887642619,1.166666667,22765,48457
41109,40.23,271205,Winter,1.5,1.3,692,47,1682,Initial,Moderate_lockdown,2531,Yes,1.049642619,1.166666667,21731,41062
14419,40.23,337502,Winter,1.5,1.3,655,24,1616,Initial,Moderate_lockdown,2184,Yes,1.093642619,1.166666667,20919,14395
32391,40.23,461773,Winter,2,2.1,616,54,1607,Initial,Moderate_lockdown,2085,Yes,1.869642619,1.166666667,21578,32337
42936,40.23,511489,Winter,1.5,2.1,629,74,1554,Initial,Moderate_lockdown,2278,Yes,1.927309285,1.166666667,21223,42862
46475,40.23,457086,Winter,2,2.1,629,101,1529,Initial,Moderate_lockdown,2481,Yes,1.886162138,1.333333333,21489,46374
48192,40.23,431417,Winter,1.5,2.1,602,75,1512,Initial,Moderate_lockdown,2370,Yes,2.777162138,1.333333333,21134,48117
33064,10.87,433595,Winter,2,2.5,551,44,1442,Initial,Moderate_lockdown,2169,Yes,2.6460669,1.833333333,20005,33020
25589,10.87,437697,Winter,1.5,2.9,548,37,1412,Initial,Moderate_lockdown,2044,Yes,4.4500669,2,19464,25552
36417,10.87,395461,Winter,1.5,2.1,586,59,1364,Initial,Moderate_lockdown,1923,Yes,4.3710669,2,19118,36358
34440,10.87,376904,Winter,2,2.1,567,61,1366,Initial,Moderate_lockdown,2143,Yes,4.3855669,2,18971,34379
35438,10.87,367880,Winter,1.5,1.9,484,60,1340,Initial,Moderate_lockdown,2078,Yes,3.587900233,2,18672,35378
34414,10.87,309012,Winter,2.5,2.5,507,54,1326,Initial,Moderate_lockdown,1959,Yes,15.01449547,2.833333333,18217,34360
35221,10.87,281738,Winter,2,2.1,506,77,1288,Initial,Moderate_lockdown,1954,Yes,4.427233567,2.166666667,18247,35144
22279,12.53,311966,Winter,2,2.7,480,43,1281,Initial,Moderate_lockdown,1756,Yes,14.38034163,2.5,17539,22236
19592,12.53,356335,Winter,2,3.2,488,40,1243,Initial,Moderate_lockdown,1798,Yes,19.43034163,2.833333333,16910,19552
24425,12.53,394645,Winter,2,2.8,491,52,1275,Initial,Moderate_lockdown,1690,Yes,14.32700829,2.5,16886,24373
22927,12.53,402838,Winter,1.5,2.6,496,47,1267,Initial,Moderate_lockdown,1752,Yes,5.35657972,2.166666667,16724,22880
21937,12.53,372160,Winter,1.5,2.4,448,59,1243,Initial,Moderate_lockdown,1756,Yes,4.488913054,2.166666667,16332,21878
21097,12.53,299485,Winter,1.5,2.4,472,48,1272,Initial,Moderate_lockdown,1782,Yes,4.469913054,2.166666667,16478,21049
21644,12.53,222150,Winter,1.5,2.4,466,55,1271,Initial,Moderate_lockdown,1661,Yes,4.471913054,2.166666667,16416,21589
13765,14.45,271825,Winter,2.5,3.2,436,28,1249,Initial,Moderate_lockdown,1471,Yes,17.66134163,2.666666667,15961,13737
12917,14.45,354378,Winter,2,3.2,407,12,1247,Initial,Moderate_lockdown,1379,Yes,19.48334163,2.833333333,15689,12905
15866,14.45,385035,Winter,2,2.8,499,30,1274,Initial,Moderate_lockdown,1431,Yes,5.233008292,2.166666667,15728,15836
15926,14.45,391527,Winter,1.5,2.2,504,47,1261,Initial,Moderate_lockdown,1500,Yes,4.326008292,2,15659,15879
16748,14.45,356146,Winter,1.5,2.6,414,39,1315,Initial,Moderate_lockdown,1487,Yes,5.217341625,2,15978,16709
16745,14.45,316377,Winter,2,2.2,425,47,1351,Initial,Moderate_lockdown,1491,Yes,3.515341625,1.833333333,16313,16698
18265,14.45,220041,Autumn,1.5,2.2,465,35,1357,Initial,Moderate_lockdown,1406,Yes,4.563341625,1.833333333,16566,18230
10874,19.12,219845,Autumn,1.5,2.4,501,20,1387,Initial,Moderate_lockdown,1390,Yes,3.947174959,1.666666667,16314,10854
11105,19.12,311293,Autumn,1.5,2.6,486,20,1378,Initial,Moderate_lockdown,1221,Yes,5.548508292,1.833333333,15986,11085
14597,19.12,336982,Autumn,1.5,2.2,460,29,1417,Initial,Moderate_lockdown,1280,Yes,3.765341625,1.833333333,16572,14568
14817,19.12,385980,Autumn,2,2.2,461,36,1456,Initial,Moderate_lockdown,1423,Yes,3.750341625,1.833333333,16763,14781
16857,19.12,359487,Autumn,1.5,2,499,34,1480,Initial,Moderate_lockdown,1613,Yes,3.700008292,1.833333333,17133,16823
16705,19.12,316284,Autumn,1.5,2.2,496,37,1489,Initial,Moderate_lockdown,1499,Yes,4.418008292,2,17425,16668
19083,19.12,218594,Autumn,2,2.2,508,36,1487,Initial,Severe_lockdown,1590,Yes,3.630674959,1.833333333,17682,19047
11913,20.27,278653,Autumn,2.5,2.6,512,15,1454,Initial,Severe_lockdown,1492,Yes,5.244841625,2,17265,11898
12556,20.27,365104,Autumn,1.5,2.4,498,15,1447,Initial,Severe_lockdown,1462,Yes,3.662674959,1.833333333,17064,12541
17134,20.27,397835,Autumn,1.5,2,485,34,1422,Initial,Severe_lockdown,1550,Yes,4.316008292,2,17185,17100
18074,20.27,397852,Autumn,1.5,2,485,32,1426,Initial,Severe_lockdown,1687,Yes,3.615008292,1.833333333,17460,18042
21118,20.27,367219,Autumn,2,2,514,43,1430,Initial,Severe_lockdown,1785,Yes,4.385674959,2,17487,21075
23531,20.27,288783,Autumn,2,2.2,466,37,1420,Initial,Severe_lockdown,1719,Yes,4.446008292,2,17440,23494
27006,20.27,239933,Autumn,2,2.2,431,37,1391,Initial,Severe_lockdown,1771,Yes,4.447008292,1.833333333,17314,26969
16258,17.96,284592,Autumn,2,2.2,457,15,1397,Initial,Severe_lockdown,1673,Yes,3.018008292,1.5,16865,16243
18258,17.96,342578,Autumn,1.5,2.2,459,20,1365,Initial,Severe_lockdown,1616,Yes,3.801008292,1.333333333,16300,18238
24438,17.96,385312,Autumn,2,2.2,450,31,1355,Initial,Severe_lockdown,1652,Yes,5.260008292,2,16237,24407
24876,17.96,382551,Autumn,2.5,2.2,430,39,1275,Initial,Severe_lockdown,1918,Yes,5.251008292,2,15880,24837
27792,17.96,381759,Autumn,2,2,409,43,1268,Initial,Severe_lockdown,1973,Yes,5.224008292,2,15667,27749
27828,17.96,310996,Autumn,2.5,2.2,410,46,1219,Initial,Severe_lockdown,1855,Yes,5.259008292,2,14965,27782
31556,17.96,253031,Autumn,2,2,493,53,1271,Initial,Severe_lockdown,1766,Yes,4.423674959,1.833333333,15142,31503
20252,14.05,284742,Autumn,2.5,2.2,433,24,1232,Initial,Severe_lockdown,1692,Yes,3.827008292,1.333333333,14547,20228
18784,14.05,330639,Autumn,2,2.4,417,17,1207,Initial,Severe_lockdown,1559,Yes,3.863008292,1.5,14315,18767
23714,14.05,362436,Autumn,1.5,2,417,40,1187,Initial,Severe_lockdown,1416,Yes,4.495008292,1.833333333,13959,23674
24102,14.05,356376,Autumn,2,2,388,46,1183,Initial,Severe_lockdown,1591,Yes,4.499452736,1.833333333,13797,24056
24055,14.05,309000,Autumn,3.5,3.2,340,38,1193,Initial,Moderate_lockdown,1687,Yes,21.36578607,3,13818,24017
25989,14.05,277066,Autumn,3,2.8,377,50,1144,Initial,Moderate_lockdown,1523,Yes,17.53378607,3,13750,25939
32003,14.05,221799,Autumn,2.5,2.8,338,48,1075,Initial,Moderate_lockdown,1574,Yes,17.74478607,2.5,13106,31955
16001,10.61,281609,Autumn,2.5,3.4,359,25,979,Initial,Moderate_lockdown,1497,Yes,23.54078607,2.833333333,12231,15976
16702,10.61,305889,Autumn,2,3,340,22,1003,Initial,Moderate_lockdown,1460,Yes,21.61078607,2.666666667,12311,16680
22896,10.61,329543,Autumn,2.5,2.6,352,32,979,Initial,Moderate_lockdown,1384,Yes,17.79778607,2.333333333,11789,22864
23649,10.61,377709,Autumn,2,2.2,320,41,974,Initial,Moderate_lockdown,1590,Yes,16.89278607,2.333333333,11584,23608
23907,10.61,344290,Autumn,2.5,2.2,281,31,957,Initial,Moderate_lockdown,1494,Yes,16.91778607,2.333333333,11435,23876
24360,10.61,312873,Autumn,1.5,2,285,29,903,Initial,Moderate_lockdown,1498,Yes,8.034357498,2.166666667,10939,24331
26807,10.61,267189,Autumn,2.5,2.6,282,28,853,Initial,Moderate_lockdown,1541,Yes,17.80478607,2.333333333,10109,26779
15905,10.39,321711,Autumn,2.5,3.4,255,12,828,Initial,Moderate_lockdown,1425,Yes,21.62378607,2.666666667,9787,15893
16464,10.39,318112,Autumn,2,3,219,19,788,Initial,Moderate_lockdown,1262,Yes,21.56578607,2.666666667,9263,16445
21714,10.39,350370,Autumn,2.5,2.4,225,36,744,Initial,Moderate_lockdown,1299,Yes,17.01678607,2.333333333,8887,21678
23497,10.39,344122,Autumn,2.5,2.4,242,24,708,Initial,Moderate_lockdown,1283,Yes,8.338024165,2.166666667,8312,23473
25785,10.39,315196,Autumn,1.5,2,232,31,712,Initial,Moderate_lockdown,1265,Yes,8.320024165,2.166666667,8133,25754
25680,10.39,285682,Autumn,2.5,2.4,210,49,698,Initial,Moderate_lockdown,1191,Yes,9.105024165,2.166666667,7853,25631
25926,10.39,266052,Autumn,2.5,2.4,193,34,658,Initial,Moderate_lockdown,1106,Yes,9.178024165,2.166666667,7335,25892
14330,5.84,306947,Autumn,3,3.2,167,21,630,Initial,Moderate_lockdown,1091,Yes,22.14822222,2.666666667,6830,14309
14888,5.84,308094,Autumn,2,3,186,18,614,Initial,Moderate_lockdown,1031,Yes,21.48684163,2.666666667,6546,14870
17938,5.84,317642,Autumn,2.5,2.8,162,38,592,Initial,Moderate_lockdown,925,Yes,19.96022222,3,6297,17900
18639,5.84,308726,Autumn,2.5,2.4,152,40,581,Initial,Moderate_lockdown,1044,Yes,17.83822222,2.5,5934,18599
19933,5.84,298700,Autumn,2.5,2.4,123,27,563,Initial,Moderate_lockdown,983,Yes,17.74399145,2.5,5599,19906
19135,5.84,270433,Autumn,1.5,2.2,119,35,516,Initial,Moderate_lockdown,1029,Yes,10.38510256,2.166666667,5294,19100
19710,5.84,224545,Autumn,2,2.4,120,29,507,Initial,Moderate_lockdown,888,Yes,17.76799145,2.333333333,4960,19681
12213,1.1,258965,Autumn,3,3.4,128,10,477,Initial,Moderate_lockdown,825,Yes,23.07799145,3,4671,12203
12652,1.1,280996,Autumn,2,3.2,107,16,469,Initial,Moderate_lockdown,723,Yes,22.91899145,3.166666667,4359,12636
15903,1.1,302228,Autumn,2.5,2.6,96,34,440,Initial,Moderate_lockdown,708,Yes,18.21599145,2.666666667,4171,15869
18427,1.1,289512,Autumn,2.5,2.4,97,23,436,Initial,Moderate_lockdown,715,Yes,17.51299145,2.333333333,4086,18404
18575,1.1,258256,Autumn,3,2.4,110,31,442,Initial,Moderate_lockdown,692,Yes,18.40799145,2.5,3894,18544
17250,1.1,266406,Autumn,2,2.4,84,31,410,Initial,Moderate_lockdown,725,Yes,17.11665812,2.5,3643,17219
16755,1.1,279549,Autumn,2.5,2.6,68,39,393,Initial,Moderate_lockdown,631,Yes,18.15865812,2.666666667,3371,16716
11954,4.71,251828,Autumn,2,3,63,9,369,Initial,Moderate_lockdown,633,Yes,21.03095812,2.666666667,3057,11945
11667,4.71,287478,Autumn,2,3,70,10,369,Initial,Moderate_lockdown,536,Yes,22.76615812,3,2868,11657
13854,4.71,276327,Autumn,1.5,2.2,74,31,369,Initial,Moderate_lockdown,531,Yes,18.14265812,2.5,2724,13823
13358,4.71,271880,Autumn,2.5,2.4,71,31,341,Initial,Moderate_lockdown,528,Yes,18.40665812,2.666666667,2593,13327
12717,4.71,260572,Autumn,2.5,2.4,61,34,333,Initial,Moderate_lockdown,451,Yes,18.84865812,2.666666667,2531,12683
10367,4.71,238875,Autumn,3,2.4,48,42,314,Initial,Moderate_lockdown,440,Yes,18.63151923,2.666666667,2421,10325
9983,4.71,233827,Autumn,3,2.6,55,20,297,Initial,Moderate_lockdown,444,Yes,21.05575,2.833333333,2400,9963
7023,1.09,267096,Autumn,2.5,3,56,11,276,Initial,Moderate_lockdown,342,Yes,22.731,3,2189,7012
6809,1.09,259782,Autumn,2,3.2,47,8,261,Initial,Moderate_lockdown,351,Yes,24.331,3,2034,6801
7318,1.09,298023,Autumn,2.5,2.4,40,19,262,Initial,Moderate_lockdown,382,Yes,21.635,2.833333333,2021,7299
7682,1.09,274435,Autumn,2,2.4,34,24,243,Initial,Moderate_lockdown,423,Yes,20.85925,2.5,1847,7658
7096,1.09,269276,Autumn,2.5,2.4,58,24,228,Initial,Moderate_lockdown,422,Yes,23.9165,2.5,1731,7072
6441,1.09,247083,Autumn,3.5,2.6,39,23,211,Initial,Moderate_lockdown,350,Yes,26.3035,2.833333333,1637,6418
5627,1.09,219677,Autumn,3.5,2.6,30,16,181,Initial,Weak_lockdown,371,Yes,25.42675,2.833333333,1559,5611
5340,1.75,247099,Autumn,3.5,3.4,40,7,165,Initial,Weak_lockdown,288,Yes,28.08658333,3.166666667,1399,5333
4889,1.75,265697,Autumn,3,3.2,25,5,144,Initial,Weak_lockdown,261,Yes,29.38075,3.333333333,1301,4884
4973,1.75,289911,Autumn,3.5,2.4,30,27,138,Initial,Weak_lockdown,262,Yes,26.11591667,2.833333333,1222,4946
4675,1.75,267294,Autumn,3.5,2.6,38,22,127,Initial,Weak_lockdown,264,Yes,26.67746667,2.833333333,1163,4653
4399,1.75,285296,Autumn,3.5,2.4,31,28,124,Initial,Weak_lockdown,281,Yes,26.86771667,2.833333333,1107,4371
3551,1.75,288822,Autumn,3.5,2.6,26,30,115,Initial,Weak_lockdown,268,Yes,28.35271667,2.833333333,1067,3521
3428,1.75,221192,Autumn,3.5,2.6,21,29,105,Initial,Weak_lockdown,257,Yes,30.94557381,2.833333333,983,3399
2154,4.7,227075,Autumn,3.5,3.4,20,7,92,Initial,Social_distancing,227,Yes,36.39229555,3.166666667,844,2147
2670,4.7,231969,Autumn,3,3.2,23,11,86,Initial,Social_distancing,217,Yes,35.24762888,3.333333333,813,2659
3324,4.7,250839,Autumn,3.5,2.6,20,30,143,Initial,Social_distancing,230,Yes,38.87541667,2.833333333,771,3294
3628,4.7,240312,Autumn,3.5,2.6,16,22,78,Initial,Social_distancing,217,Yes,39.67485952,2.833333333,945,3606
3365,4.7,227465,Autumn,3.5,2.4,14,22,80,Initial,Social_distancing,203,Yes,39.26585952,2.5,925,3343
3370,4.7,209609,Autumn,3.5,2.6,16,40,80,Initial,Social_distancing,184,Yes,39.51385952,2.5,895,3330
3931,4.7,195692,Autumn,3,2.6,24,53,77,Initial,Social_distancing,145,Yes,36.97819286,2.5,903,3878
2465,-14.02,189974,Autumn,3.5,3.4,13,10,69,Initial,Social_distancing,137,Yes,35.55196222,3,818,2455
2551,-14.02,191588,Autumn,3,3.2,14,7,67,Initial,Social_distancing,130,Yes,35.56304555,3.166666667,813,2544
3092,-14.02,210463,Autumn,3,2.4,15,35,69,Initial,Social_distancing,154,Yes,35.59805,2.666666667,819,3057
3152,-14.02,206883,Autumn,2.5,2.4,9,47,76,Initial,Social_distancing,146,Yes,35.69325,2.5,818,3105
3077,-14.02,203221,Autumn,3,2.4,15,62,81,Initial,Social_distancing,145,Yes,35.17105,2.5,804,3015
2288,-14.02,175687,Autumn,3,2.4,11,21,82,Initial,Social_distancing,134,Yes,34.41052174,2.5,862,2267
1513,-14.02,181934,Summer,4,2.1,18,7,71,Initial,Social_distancing,90,Yes,34.19527931,2.333333333,855,1506
1171,8.7,182065,Summer,3.5,2.9,11,4,68,Initial,Social_distancing,77,Yes,36.1696646,3,832,1167
1230,8.7,183510,Summer,2,2.7,8,5,66,Initial,Social_distancing,110,Yes,35.95361265,2.666666667,834,1225
1632,8.7,197211,Summer,2.5,2.1,12,11,60,Initial,Social_distancing,138,Yes,35.77686265,2.5,819,1621
1591,8.7,203416,Summer,2,1.7,12,28,71,Initial,Social_distancing,152,Yes,35.12286265,2.5,841,1563
1388,8.7,208835,Summer,4,2.3,16,29,64,Initial,Social_distancing,130,Yes,36.68375551,2.5,830,1359
1270,8.7,186500,Summer,3,1.9,22,20,68,Initial,Social_distancing,119,Yes,35.28575551,2.5,845,1250
1301,8.7,153393,Summer,4,2.1,10,12,68,Initial,Social_distancing,91,Yes,35.90375551,2.5,877,1289
831,4.7,175209,Summer,3.5,2.7,17,3,72,Initial,Social_distancing,74,Yes,36.08075551,2.666666667,871,828
842,4.7,181455,Summer,3,2.7,12,6,71,Initial,Social_distancing,73,Yes,36.00975551,2.666666667,944,836
1218,4.7,191360,Summer,3,1.9,10,20,72,Initial,Social_distancing,109,Yes,35.45975551,2.5,889,1198
1498,4.7,183933,Summer,3,1.9,16,28,76,Initial,Social_distancing,98,Yes,35.36875551,2.5,910,1470
1282,4.7,190434,Summer,2,1.5,13,24,70,Initial,Social_distancing,113,Yes,35.42761265,2.333333333,925,1258
1116,4.7,163010,Summer,3.5,1.9,15,17,73,Initial,Social_distancing,128,Yes,36.17575551,2.5,954,1099
1298,4.7,150174,Summer,3.5,1.9,21,12,73,Initial,Social_distancing,95,Yes,34.77450551,2.5,983,1286
602,1.82,169276,Summer,3,2.7,15,6,78,Initial,Social_distancing,80,Yes,35.38750551,2.5,980,596
714,1.82,182987,Summer,2,2.7,23,4,76,Initial,Social_distancing,99,Yes,34.33061265,2.5,975,710
1185,1.82,177957,Summer,2,1.7,18,21,73,Initial,Social_distancing,100,Yes,34.68636265,2.5,996,1164
1156,1.82,169857,Summer,2.5,1.5,23,7,75,Initial,Weak_lockdown,129,Yes,27.32936265,2.333333333,1009,1149
1242,1.82,184444,Summer,3.5,1.9,24,21,80,Initial,Weak_lockdown,101,Yes,26.77236265,2.5,1005,1221
1378,1.82,166311,Summer,3.5,1.9,20,30,73,Initial,Weak_lockdown,114,Yes,28.24736265,2.5,1040,1348
1499,1.82,164061,Summer,3.5,2.1,25,17,70,Initial,Weak_lockdown,86,Yes,27.00236265,2.5,1088,1482
627,-1.82,166207,Summer,3,2.7,19,5,65,Initial,Weak_lockdown,106,Yes,29.24036265,2.5,984,622
710,-1.82,165176,Summer,2.5,2.7,22,6,62,Initial,Weak_lockdown,140,Yes,29.03827931,2.666666667,1028,704
973,-1.82,181864,Summer,3,1.9,24,15,67,Initial,Weak_lockdown,117,Yes,26.93061265,2.5,1095,958
1105,-1.82,185980,Summer,3,1.9,21,16,69,Initial,Weak_lockdown,100,Yes,26.76261265,2.333333333,1156,1089
1092,-1.82,174519,Summer,3.5,1.9,13,25,73,Initial,Weak_lockdown,138,Yes,27.33686265,2.333333333,1201,1067
1065,-1.82,163422,Summer,3,1.9,27,28,76,Initial,Weak_lockdown,125,Yes,25.63461265,2.333333333,1217,1037
1060,-1.82,158666,Summer,3,2.1,23,18,77,Initial,Weak_lockdown,109,Yes,25.13891265,2.166666667,1252,1042
564,-1.05,163786,Summer,3,2.7,17,6,85,Initial,Weak_lockdown,93,Yes,27.79741265,2.333333333,1255,558
559,-1.05,162088,Summer,3.5,2.7,20,7,92,Initial,Weak_lockdown,128,Yes,28.53941265,2.5,1291,552
697,-1.05,190220,Summer,3,1.9,31,11,86,Initial,Weak_lockdown,114,Yes,24.83239091,2.333333333,1267,686
946,-1.05,206656,Summer,3,1.9,17,20,84,Initial,Weak_lockdown,132,Yes,27.51241265,2.333333333,1315,926
1062,-1.05,165480,Summer,3,1.7,28,19,87,Initial,Weak_lockdown,131,Yes,24.43491265,2.166666667,1351,1043
856,-1.05,154946,Summer,3,1.7,26,20,93,Initial,Weak_lockdown,119,Yes,24.54991265,2,1370,836
869,-1.05,99090,Summer,2.5,1.5,18,12,97,Initial,Weak_lockdown,129,Yes,24.80541265,1.833333333,1371,857
563,-2.07,113424,Summer,2.5,2.7,32,3,92,Initial,Weak_lockdown,109,Yes,24.60339091,2.333333333,1384,560
530,-2.07,142954,Summer,1.5,2.5,23,3,93,Initial,Weak_lockdown,120,Yes,24.80841265,2,1402,527
774,-2.07,157229,Summer,3,1.9,19,10,104,Initial,Weak_lockdown,159,Yes,24.22766265,2.166666667,1454,764
808,-2.07,152133,Summer,3,1.7,36,5,111,Initial,Weak_lockdown,198,Yes,21.40914091,2,1539,803
816,-2.07,147595,Summer,3,1.7,34,12,110,Initial,Weak_lockdown,158,Yes,20.46514091,1.833333333,1748,804
788,-2.07,142559,Summer,3,1.7,31,12,137,Initial,Weak_lockdown,125,Yes,21.77189091,1.833333333,1635,776
830,-2.07,101741,Summer,3,1.7,31,13,129,Initial,Weak_lockdown,130,Yes,22.01989091,2,1735,817
448,-3.13,120968,Summer,2.5,2.7,24,5,131,Initial,Weak_lockdown,126,Yes,23.32941265,2,1743,443
505,-3.13,140393,Summer,3,2.7,31,6,137,Initial,Weak_lockdown,105,Yes,23.32439091,2.5,1777,499
582,-3.13,177625,Summer,3,2.1,34,4,143,Initial,Weak_lockdown,143,Yes,21.27114091,2.166666667,1805,578
712,-3.13,165966,Summer,3,1.9,21,8,142,Initial,Weak_lockdown,166,Yes,21.83266265,1.666666667,1830,704
777,-3.13,152063,Summer,3,1.7,41,6,153,Initial,Weak_lockdown,168,Yes,19.16289091,1.666666667,1975,771
705,-3.13,132121,Summer,3,1.7,42,7,145,Initial,Weak_lockdown,186,Yes,19.04689091,1.666666667,1994,698
740,-3.13,97403,Summer,3,1.7,45,4,162,Initial,Weak_lockdown,189,Yes,18.27489091,1.666666667,2114,736
366,-5.98,101927,Summer,3,2.7,32,2,159,Initial,Weak_lockdown,114,Yes,20.40855758,2.166666667,2102,364
459,-5.98,134890,Summer,3,2.9,38,4,168,Initial,Weak_lockdown,177,Yes,19.64205758,2.333333333,2120,455
568,-5.98,154864,Summer,3,1.9,44,5,191,Initial,Weak_lockdown,175,Yes,16.73189091,1.666666667,2245,563
722,-5.98,161796,Summer,2.5,1.7,61,9,188,Initial,Weak_lockdown,214,Yes,16.38372424,1.666666667,2346,713
713,-5.98,153092,Summer,2,1.5,47,8,185,Initial,Weak_lockdown,207,Yes,16.31572424,1.5,2455,705
608,-5.98,126238,Summer,3,1.7,43,7,197,Initial,Weak_lockdown,215,Yes,16.35839091,1.666666667,2599,601
714,-5.98,94284,Summer,3,1.7,54,8,209,Initial,Weak_lockdown,203,Yes,16.45872424,1.666666667,2700,706
558,-1.27,97315,Summer,3,2.7,52,2,217,Initial,Weak_lockdown,195,Yes,17.06159091,1.833333333,2742,556
399,-1.27,126100,Summer,2,2.5,52,1,221,Initial,Weak_lockdown,202,Yes,16.48492424,1.666666667,2803,398
568,-1.27,172566,Summer,3,1.7,48,5,231,Initial,Weak_lockdown,214,Yes,15.76892424,1.5,2943,563
606,-1.27,169259,Summer,2.5,1.7,61,5,239,Initial,Weak_lockdown,216,Yes,13.88292424,1.333333333,3080,601
652,-1.27,157131,Summer,2.5,1.7,54,5,259,Initial,Weak_lockdown,270,Yes,12.67883333,1.333333333,3199,647
623,-1.27,144787,Summer,2.5,1.7,81,5,279,Initial,Weak_lockdown,296,Yes,11.99733333,1.333333333,3384,618
724,-1.27,105384,Summer,2.5,1.7,69,6,262,Initial,Weak_lockdown,219,Yes,12.99192424,1.333333333,3749,718
449,-3.61,90229,Summer,3,2.3,71,3,270,Initial,Weak_lockdown,208,Yes,14.31992424,1.333333333,3558,446
653,-3.61,117741,Summer,2,2.3,73,5,270,Initial,Weak_lockdown,286,Yes,12.47333333,1.5,3545,648
666,-3.61,144928,Summer,3,1.9,79,1,268,Initial,Weak_lockdown,338,Yes,12.64833333,1.5,3621,665
726,-3.61,155176,Summer,3,1.9,108,2,276,Initial,Weak_lockdown,324,Yes,11.85933333,1.333333333,3851,724
777,-3.61,140303,Summer,3,1.7,101,3,316,Initial,Weak_lockdown,367,Yes,11.72133333,1.333333333,4031,774
883,-3.61,130680,Summer,3,1.7,97,6,311,Initial,Weak_lockdown,362,Yes,11.68233333,1.5,4135,877
899,-3.61,102957,Summer,3,1.7,83,7,340,Initial,Weak_lockdown,392,Yes,11.40633333,1.5,4282,892
636,-0.63,76514,Summer,3,2.3,80,2,310,Initial,Weak_lockdown,288,Yes,12.11133333,1.333333333,4223,634
683,-0.63,117971,Summer,3,2.5,87,2,346,Initial,Weak_lockdown,258,Yes,11.80083333,1.5,4253,681
993,-0.63,133535,Summer,2.5,1.5,88,5,330,Initial,Weak_lockdown,336,Yes,10.91533333,1.333333333,4414,988
1022,-0.63,135854,Summer,2.5,1.3,90,0,352,Initial,Weak_lockdown,402,Yes,10.34633333,1,4560,1022
1017,-0.63,131631,Summer,2.5,1.3,105,5,357,Initial,Weak_lockdown,431,Yes,10.12933333,1,4719,1012
1103,-0.63,122435,Summer,3,1.7,120,5,378,Initial,Weak_lockdown,455,Yes,10.25733333,1.166666667,4863,1098
1045,-0.63,101337,Summer,3,1.7,107,2,385,Initial,Weak_lockdown,439,Yes,10.26433333,1.333333333,4870,1043
826,4.98,83965,Summer,3,2.3,136,0,393,Initial,Moderate_lockdown,364,Yes,10.378,1.5,4908,826
886,4.98,120409,Summer,3,2.3,101,2,390,Initial,Moderate_lockdown,385,Yes,9.686,1.5,4941,884
1053,4.98,147099,Summer,2,1.3,135,1,393,Initial,Moderate_lockdown,393,Yes,8.946,1,5090,1052
1013,4.98,149344,Summer,2.5,1.3,121,7,390,Initial,Moderate_lockdown,446,Yes,8.868,1,5179,1006
1196,4.98,145509,Summer,1.5,1.3,166,3,439,Initial,Moderate_lockdown,511,Yes,8.238222222,1,5475,1193
1165,4.98,133102,Summer,3,1.3,137,3,491,Initial,Moderate_lockdown,491,Yes,8.484222222,1,5736,1162
1099,4.98,98445,Summer,2.5,1.3,161,2,509,Initial,Moderate_lockdown,412,Yes,7.964222222,1,5931,1097
722,6.31,104122,Summer,2,1.9,163,1,515,Initial,Moderate_lockdown,406,Yes,7.960222222,1,5944,721
804,6.31,117581,Summer,1,1.9,151,3,540,Initial,Moderate_lockdown,407,Yes,7.752222222,1,6149,801
1123,6.31,145009,Summer,1.5,1.3,184,3,554,Initial,Moderate_lockdown,475,Yes,7.482222222,1,6379,1120
1249,6.31,144224,Summer,2,1.3,183,1,571,Initial,Moderate_lockdown,564,Yes,7.192222222,1,6580,1248
1369,6.31,143443,Summer,1.5,1.3,203,4,602,Initial,Moderate_lockdown,632,Yes,6.846222222,1,6815,1365
1492,6.31,129183,Summer,2.5,1.5,233,3,636,Initial,Moderate_lockdown,668,Yes,6.230341625,1,7087,1489
1439,6.31,101571,Summer,2.5,1.5,199,1,652,Initial,Moderate_lockdown,605,Yes,6.090341625,1,7248,1438
1080,18.47,105434,Spring,2.5,1.8,195,0,679,Initial,Moderate_lockdown,528,Yes,6.408341625,1.166666667,7238,1080
1132,18.47,97387,Spring,2.5,1.6,219,3,704,Initial,Moderate_lockdown,568,Yes,6.361341625,1.166666667,7268,1129
1531,18.47,106552,Spring,2.5,1.2,254,3,719,Initial,Moderate_lockdown,614,Yes,6.210341625,1.166666667,7586,1528
1757,18.47,102734,Spring,2.5,1.2,288,4,751,Initial,Moderate_lockdown,702,Yes,6.008119403,1,7907,1753
1825,18.47,83014,Spring,2.5,1,282,2,783,Initial,Moderate_lockdown,712,Yes,6.001119403,1,8220,1823
2070,18.47,78099,Spring,2.5,1,300,1,847,Initial,Moderate_lockdown,698,Yes,5.960119403,1,8732,2069
1625,18.47,78478,Spring,2.5,1,279,3,863,Initial,Moderate_lockdown,602,Yes,5.959119403,1.166666667,8836,1622
1373,22.01,59633,Spring,2.5,1.4,281,3,886,Initial,Moderate_lockdown,587,Yes,5.974119403,1,8814,1370
1532,22.01,92312,Spring,1.5,1.2,284,3,928,Initial,Moderate_lockdown,643,Yes,5.919119403,1,8814,1529
2057,22.01,92143,Spring,2,1,300,1,964,Initial,Moderate_lockdown,740,Yes,5.792119403,1,9184,2056
2567,22.01,107919,Spring,2.5,1,342,2,1008,Initial,Moderate_lockdown,841,Yes,5.543119403,1,9293,2565
2719,22.01,87819,Spring,2.5,1,353,0,1034,Initial,Moderate_lockdown,850,Yes,5.958119403,1,9563,2719
3063,22.01,88126,Spring,2.5,1,372,3,1106,Initial,Moderate_lockdown,880,Yes,4.388119403,1,10013,3060
2581,22.01,72532,Spring,2.5,1,407,4,1141,Initial,Moderate_lockdown,848,Yes,4.461119403,1,10231,2577
1837,41.15,82141,Spring,2.5,1.4,377,0,1196,Initial,Moderate_lockdown,792,Yes,5.162119403,1,10199,1837
2082,41.15,93353,Spring,1.5,1.2,419,1,1234,Initial,Moderate_lockdown,813,Yes,4.657119403,1,10238,2081
2530,41.15,93934,Spring,2,1,421,12.82012519,1337,Initial,Moderate_lockdown,868,Yes,4.43528607,1,10691,2530
2630,41.15,85166,Spring,2,1,465,15.91287519,1314,Initial,Moderate_lockdown,908,Yes,4.429619403,1,10921,2630
3330,41.15,83472,Spring,1,1,454,21.68304233,1342,Initial,Moderate_lockdown,966,Yes,4.352619403,1,11342,3330
3410,41.15,74859,Spring,2,1,441,21.75204233,1414,Initial,Moderate_lockdown,983,Yes,4.278619403,1.5,11591,3410
3612,41.15,70360,Spring,1,1,428,25.52283489,1485,Initial,Moderate_lockdown,1029,Yes,3.624619403,1.5,11967,3612
2337,31.76,76942,Spring,1,1.4,494,489.8149205,1538,Initial,Moderate_lockdown,915,No,31.83901427,1,11727,2337
2170,31.76,77202,Spring,2,1.2,539,488.0331427,1585,Initial,Severe_lockdown,944,No,31.87901427,1,12015,2170
3064,31.76,77892,Spring,2.5,1,569,492.8109205,1642,Initial,Severe_lockdown,909,No,31.69401427,1,12053,3064
3787,31.76,78912,Spring,2,1,631,574.0776215,1685,Initial,Severe_lockdown,1166,No,31.24901427,1,12626,3787
3832,31.76,74761,Spring,2,1,627,639.3142723,1802,Initial,Severe_lockdown,1204,No,31.30101427,1,13148,3832
3686,31.76,67444,Spring,1.5,1,642,634.7779307,1874,Initial,Severe_lockdown,1146,No,31.30901427,1,13723,3686
3398,31.76,73068,Spring,2,1,676,693.3773493,1936,Initial,Severe_lockdown,1249,No,31.77301427,1,14097,3398
3002,76.31,68817,Spring,1,1.4,662,661.7215713,2009,Initial,Severe_lockdown,1188,No,31.77201427,1,14188,3002
3258,76.31,63559,Spring,1,1.2,705,665.6943493,2068,Initial,Severe_lockdown,1180,No,31.77201427,1,14380,3258
4766,76.31,74893,Spring,1,1,786,696.0912723,2178,Initial,Severe_lockdown,1262,No,30.69101427,1,14723,4766
4961,76.31,84215,Spring,1,1,780,704.0212723,2224,Initial,Severe_lockdown,1442,No,30.67601427,1,15164,4961
5433,76.31,66793,Spring,1,1,817,704.1612723,2286,Initial,Severe_lockdown,1488,No,30.67301427,1,15521,5433
4719,76.31,45505,Spring,1,1,801,704.6512723,2353,Initial,Severe_lockdown,1518,No,30.65801427,1,15877,4719
4739,76.31,33287,Spring,1.5,1,866,706.002939,2460,Initial,Severe_lockdown,1536,No,30.65701427,1,16662,4739
3476,104.08,31610,Spring,2,1.4,894,707.2120159,2580,Initial,Severe_lockdown,1355,No,31.55884761,1,16555,3476
3757,104.08,29058,Spring,1,1,919,697.6637723,2702,Initial,Severe_lockdown,1253,No,31.24784761,1,16604,3757
4961,104.08,28760,Spring,1.5,1,1005,705.912939,2703,Initial,Severe_lockdown,1525,No,30.64984761,1,17063,4961
5167,104.08,28532,Spring,2,1,1038,711.3770159,2867,Initial,Severe_lockdown,1512,No,30.64584761,1,17867,5167
5517,104.08,23560,Spring,2,1,1102,712.0270159,2964,Initial,Severe_lockdown,1530,No,32.21984761,1,18533,5517
4795,104.08,22814,Spring,1.5,1,1085,709.2050765,3036,Initial,Severe_lockdown,1712,No,30.62384761,1,19139,4795
4441,104.08,17970,Spring,1.5,1,1160,709.1250765,3130,Initial,Severe_lockdown,1736,No,31.34984761,1,19331,4441
3881,107.25,19316,Spring,1.5,1.2,1122,712.5150765,3176,Initial,Severe_lockdown,1657,No,31.84984761,1,19574,3881
4743,107.25,21626,Spring,1,1,1189,709.9559099,3247,Initial,Severe_lockdown,1630,No,31.34684761,1,19456,4743
4977,107.25,21389,Spring,1,1,1272,711.7759099,3162,Initial,Severe_lockdown,1966,No,31.34584761,1,19330,4977
5292,107.25,21328,Spring,1,1,1322,714.7759099,3222,Initial,Severe_lockdown,2011,No,31.34884761,1,20389,5292
5070,107.25,18665,Spring,1.5,1,1276,712.3050765,3228,Initial,Severe_lockdown,1880,No,31.34284761,1,20582,5070
4335,107.25,15994,Spring,1,1,1254,735.7159099,3234,Initial,Severe_lockdown,2088,No,31.31584761,1,21281,4335
4203,107.25,14982,Spring,1,1,1232,735.9759099,3277,Initial,Severe_lockdown,2162,No,31.36484761,1,21308,4203
3507,74.67,14506,Spring,1,1,1378,735.5159099,3301,Initial,Severe_lockdown,2066,No,32.22584761,1,21687,3507
3585,74.67,18000,Spring,1,1,1365,735.7159099,3274,Initial,Severe_lockdown,2163,No,32.09084761,1,21254,3585
4327,74.67,18091,Spring,1,1,1319,736.2359099,3228,Initial,Severe_lockdown,2461,No,31.31684761,1,21280,4327
4875,74.67,19116,Spring,1.5,1,1375,735.5150765,2963,Initial,Severe_lockdown,2631,No,32.16984761,1,21005,4875
5146,74.67,16443,Spring,1,1,1461,778.9709099,2967,Initial,Severe_lockdown,2966,No,32.30284761,1,20740,5146
5477,74.67,14423,Spring,1.5,1,1293,778.4200765,2864,Initial,Severe_lockdown,3150,No,32.32184761,1,20234,5477
5273,74.67,13775,Spring,1,1,1170,771.8209099,2644,Initial,Severe_lockdown,3047,No,32.33284761,1,19493,5273
3556,58.07,13238,Spring,1,1,1220,767.2309099,2469,Initial,Severe_lockdown,2913,No,33.10001427,1,18855,3556
3976,58.07,16080,Spring,1,1,1147,765.3052572,2309,Initial,Severe_lockdown,2922,No,32.84401427,1,17502,3976
4852,58.07,14629,Spring,1,1,1061,764.0452572,2120,Initial,Severe_lockdown,2932,No,30.76701427,1,15546,4852
4824,58.07,13623,Spring,1,1,1007,760.1852572,1813,Initial,Severe_lockdown,3284,No,30.67401427,1,13875,4824
4891,58.07,11947,Spring,1,1,924,739.8452572,2129.614873,Initial,Severe_lockdown,3565,No,30.67401427,1,13637,4891
4463,58.07,11896,Spring,1,1,831,675.9352572,2137.845336,Initial,Severe_lockdown,2834,No,30.69101427,1.166666667,12597,4463
4195,58.07,49259.05188,Spring,1,1,711,645.2552572,2036.697347,Initial,Severe_lockdown,3189,No,30.74474761,1.166666667,11093,4195
2818,7.7,143363.6825,Spring,1,1,586,647.1623075,1571.423889,Initial,Severe_lockdown,2492,No,30.77874761,1.166666667,9525,2818
2774,7.7,166731.2592,Spring,1,1,516,598.1823075,1474.124841,Initial,Severe_lockdown,2196,No,30.70374761,1.166666667,8278,2774
3154,7.7,175447.8187,Spring,1,1,463,584.9073075,1404.464841,Initial,Severe_lockdown,2229,No,30.64174761,1.166666667,7267,3154
3039,7.7,177306.3073,Spring,1,1,413,588.1823075,1397.505127,Initial,Severe_lockdown,1931,No,30.66808094,1.333333333,9052.1975,3039
2666,7.7,204407.7625,Spring,1,1,337,631.6770694,1007.261323,Initial,No_or_limited_measures,2087,No,45.42058094,1.333333333,9731.707,2666
2354,7.7,210836.4213,Spring,1,1,263,615.7645694,903.7106005,Initial,No_or_limited_measures,1718,No,47.12118094,1.333333333,9788.077,2354
2290,7.7,308621.7571,Spring,1.5,1.4,208,633.472542,757.3386362,Initial,No_or_limited_measures,1273,No,46.31418094,1.666666667,9787.0925,2290
1363,0.36,304327.061,Spring,1.5,1.6,183,548.013542,616.7887584,Initial,No_or_limited_measures,986.4866667,No,46.98645274,1.666666667,8426.26,1363
1181,0.36,304737.6017,Spring,1,2,144,526.3628052,529.8090798,Initial,No_or_limited_measures,829.5541667,No,47.45375,1.833333333,7324.66,1181
1252,0.36,300018.8097,Spring,1,2,118,511.8213766,494.5818417,Initial,No_or_limited_measures,828.3341667,No,48.2245,2.166666667,7196.9,1252
1042,0.36,382536.15,Spring,1,3,79,543.6583037,420.3752054,Initial,No_or_limited_measures,648.6635,No,53.3535,2.5,6055.48,1042
981,0.36,412438.85,Spring,1.5,3.2,73,497.4083228,423.349472,Initial,No_or_limited_measures,579.384,No,52.6175,2.5,5498.3,981
783,0.36,405484.4545,Spring,2,3.4,58,515.1443523,373.662972,Initial,No_or_limited_measures,473.864,No,51.25805051,3.166666667,4738.96,783
602,0.36,396860.8228,Spring,3,4,51,596.3997888,374.8797096,Initial,No_or_limited_measures,484.2965,No,52.02155051,3.666666667,4689.54,602
441,-1.66,400581.9117,Spring,2,4,31,569.9782888,312.8171084,Initial,No_or_limited_measures,425.4765,No,49.55927778,3.666666667,3924.991667,441
352,-1.66,402925.0058,Spring,2,4,21,560.9582888,317.4371084,Initial,No_or_limited_measures,434.0865,No,51.75055051,4,4179.946667,352
478,-1.66,395188.8008,Spring,2.5,4,16,601.7982888,303.6571084,Initial,No_or_limited_measures,422.8065,No,50.97152778,3.833333333,3843.451667,478
484,-1.66,400346.1048,Spring,2.5,4,13,601.9782888,303.4171084,Initial,No_or_limited_measures,422.6365,No,50.96552778,3.833333333,3843.451667,484
403,-1.66,401564.4664,Spring,3.5,4,7,598.5957888,304.9805127,Initial,No_or_limited_measures,419.4765,No,49.40094444,3.833333333,3761.371667,403
265,-1.66,399583.5598,Spring,2.5,4,3,601.5282888,303.5971084,Initial,No_or_limited_measures,422.3365,No,50.96552778,3.833333333,3846.171667,265
148,-1.66,401564.4664,Spring,3.5,4,5,598.5957888,304.9805127,Initial,No_or_limited_measures,419.4765,No,49.40094444,3.833333333,3761.371667,148
55,-5.46,411495.5793,Spring,3,4,2,621.7757888,307.5261969,Initial,No_or_limited_measures,415.8165,No,48.75594444,3.833333333,3756.281667,55
68,-5.46,409898.3693,Spring,3,4,0,585.1057888,307.5261969,Initial,No_or_limited_measures,415.8165,No,48.75894444,4,3756.281667,68
83,-5.46,409819.5356,Spring,3.5,4,2,582.3357888,305.2341969,Initial,No_or_limited_measures,416.9365,No,48.73994444,4,3711.631667,83
49,-5.46,406979.5193,Spring,2.5,4,2,558.4407888,305.0407926,Initial,No_or_limited_measures,388.7065,No,47.10494444,3.5,3717.891667,49
56,-5.46,409898.3693,Spring,3,4,1,585.1057888,307.5261969,Initial,No_or_limited_measures,415.8165,No,48.75894444,4,3756.281667,56
57,-5.46,409819.5356,Spring,3.5,4,0,582.3357888,305.2341969,Initial,No_or_limited_measures,416.9365,No,48.73994444,4,3711.631667,57
41,-5.46,410347.1556,Spring,3.5,4,1,561.1007888,295.9541969,Initial,No_or_limited_measures,385.1265,No,47.19186111,3.5,3607.551667,41
20,-3.22,404720.9253,Spring,3.5,4,0,571.3357888,304.4941969,Initial,No_or_limited_measures,418.7165,No,49.40494444,4,3779.251667,20
4,-3.22,425835.8976,Winter,2.5,4,0,586.7337888,295.0407926,Initial,No_or_limited_measures,428.9765,No,50.99052778,4,3914.126667,4
12,-3.22,425858.8976,Winter,3,4,0,589.9612888,293.1441969,Initial,No_or_limited_measures,425.5165,No,50.99952778,4,3870.406667,12
8,-3.22,425608.0722,Winter,3.5,4,0,587.1912888,292.2341969,Initial,No_or_limited_measures,426.1165,No,50.99052778,4,3825.466667,8
2,-3.22,425858.8976,Winter,2.961666667,4,0,589.9612888,293.1441969,Initial,No_or_limited_measures,425.5165,No,50.99952778,4,3870.406667,2
3,-3.22,425858.8976,Winter,2.961666667,4,0,589.9612888,293.1441969,Initial,No_or_limited_measures,425.5165,No,50.99952778,4,3870.406667,3
2,-3.22,425858.8976,Winter,2.961666667,4,0,589.9612888,293.1441969,Initial,No_or_limited_measures,425.5165,No,50.99952778,4,3870.406667,2
6,-6.92,442480.1342,Winter,2.838522727,4,0,598.1612888,289.0541969,Initial,No_or_limited_measures,420.0765,No,48.75919444,4,3695.301667,6
0,-6.92,443519.9542,Winter,2.863522727,4,1,598.1612888,297.2641969,Initial,No_or_limited_measures,427.6665,No,50.09352778,4,3823.586667,0
2,-6.92,442480.1342,Winter,2.838522727,4,0,598.1612888,289.0541969,Initial,No_or_limited_measures,420.0765,No,48.75919444,4,3695.301667,2
0,-6.92,443519.9542,Winter,2.863522727,4,0,598.1612888,297.2641969,Initial,No_or_limited_measures,427.6665,No,50.09352778,4,3823.586667,0
0,-6.92,443519.9542,Winter,2.863522727,4,0,598.1612888,297.2641969,Initial,No_or_limited_measures,427.6665,No,50.09352778,4,3823.586667,0
0,-6.92,443519.9542,Winter,2.863522727,4,0,598.1612888,297.2641969,Initial,No_or_limited_measures,427.6665,No,50.09352778,4,3823.586667,0
1,-6.92,442480.1342,Winter,2.838522727,4,0,598.1612888,289.0541969,Initial,No_or_limited_measures,420.0765,No,48.75919444,4,3695.301667,1
0,-6.41,436806.6642,Winter,2.863522727,4,0,598.5512888,297.2641969,Initial,No_or_limited_measures,427.6965,No,50.09352778,4,3824.926667,0
0,-6.41,436806.6642,Winter,2.863522727,4,0,598.5512888,297.2641969,Initial,No_or_limited_measures,427.6965,No,50.09352778,4,3824.926667,0
0,-6.41,436806.6642,Winter,2.863522727,4,0,598.5512888,297.2641969,Initial,No_or_limited_measures,427.6965,No,50.09352778,4,3824.926667,0
1,-6.41,435766.8442,Winter,2.838522727,4,0,598.5512888,289.0541969,Initial,No_or_limited_measures,420.1065,No,48.75919444,4,3696.641667,1
1,-6.41,435766.8442,Winter,2.838522727,4,0,598.5512888,289.0541969,Initial,No_or_limited_measures,420.1065,No,48.75919444,4,3696.641667,1
4,-6.41,435766.8442,Winter,2.838522727,4,0,598.5512888,289.0541969,Initial,No_or_limited_measures,420.1065,No,48.75919444,4,3696.641667,4
1,-6.41,435766.8442,Winter,2.838522727,4,0,598.5512888,289.0541969,Initial,No_or_limited_measures,420.1065,No,48.75919444,4,3696.641667,1
1,-7.66,442480.1342,Winter,2.853522727,4,0,598.5212888,288.7341969,Initial,No_or_limited_measures,420.0765,No,48.79952778,4,3692.171667,1
3,-7.66,442480.1342,Winter,2.853522727,4,0,598.5212888,288.7341969,Initial,No_or_limited_measures,420.0765,No,48.79952778,4,3692.171667,3
0,-7.66,443519.9542,Winter,2.863522727,4,0,598.5212888,296.9441969,Initial,No_or_limited_measures,427.6665,No,50.10352778,4,3820.456667,0
0,-7.66,443519.9542,Winter,2.863522727,4,0,598.5212888,296.9441969,Initial,No_or_limited_measures,427.6665,No,50.10352778,4,3820.456667,0
1,-7.66,442480.1342,Winter,2.853522727,4,0,598.5212888,288.7341969,Initial,No_or_limited_measures,420.0765,No,48.79952778,4,3692.171667,1
0,-7.66,443519.9542,Winter,2.863522727,4,0,598.5212888,296.9441969,Initial,No_or_limited_measures,427.6665,No,50.10352778,4,3820.456667,0
19,-7.66,442480.1342,Winter,2.898522727,4,0,598.5212888,288.7341969,Initial,No_or_limited_measures,420.0765,No,48.79952778,4,3692.171667,19
1,-5.6,427786.7242,Winter,2.853522727,4,1,598.5512888,289.3441969,Initial,No_or_limited_measures,421.7965,No,48.73719444,4,3698.051667,1
0,-5.6,428826.5442,Winter,2.863522727,4,0,598.5512888,296.8141969,Initial,No_or_limited_measures,429.3865,No,50.07152778,4,3826.336667,0
0,-5.6,428826.5442,Winter,2.863522727,4,0,598.5512888,296.8141969,Initial,No_or_limited_measures,429.3865,No,50.07152778,4,3826.336667,0
1,-5.6,427786.7242,Winter,2.853522727,4,1,598.5512888,289.3441969,Initial,No_or_limited_measures,421.7965,No,48.73719444,4,3698.051667,1
